date,close
1995-05-03,14.75
1995-05-04,14.75
1995-05-08,14.7
1995-05-09,14.7
1995-05-10,14.7
1995-05-11,14.75
1995-05-12,14.8
1995-05-15,14.85
1995-05-16,14.85
1995-05-17,14.85
1995-05-18,14.85
1995-05-19,14.85
1995-05-22,14.85
1995-05-23,14.85
1995-05-24,14.85
1995-05-25,14.9
1995-05-26,14.9
1995-05-29,14.9
1995-05-30,14.9
1995-05-31,14.85
1995-06-01,14.8
1995-06-02,14.8
1995-06-05,14.6
1995-06-07,14.6
1995-06-08,14.6
1995-06-09,14.55
1995-06-12,14.4
1995-06-13,14.45
1995-06-14,14.55
1995-06-15,14.6
1995-06-16,14.55
1995-06-19,14.5
1995-06-20,14.55
1995-06-21,14.55
1995-06-22,14.6
1995-06-23,14.55
1995-06-26,14.6
1995-06-28,14.6
1995-06-29,14.6
1995-06-30,14.6
1995-07-03,14.5
1995-07-04,14.45
1995-07-05,14.4
1995-07-06,14.3
1995-07-07,14.2
1995-07-10,14.3
1995-07-11,14.25
1995-07-12,14.15
1995-07-13,14.05
1995-07-14,14.0
1995-07-18,13.9
1995-07-19,13.8
1995-07-20,13.85
1995-07-21,14.0
1995-07-24,14.0
1995-07-25,13.95
1995-07-26,14.0
1995-07-27,13.95
1995-07-28,13.8
1995-07-31,13.8
1995-08-01,13.8
1995-08-02,13.8
1995-08-03,13.8
1995-08-04,13.7
1995-08-07,13.55
1995-08-08,13.35
1995-08-09,13.2
1995-08-10,13.25
1995-08-11,13.2
1995-08-14,13.15
1995-08-16,13.0
1995-08-17,12.75
1995-08-18,12.5
1995-08-21,12.55
1995-08-22,12.75
1995-08-23,12.9
1995-08-24,13.0
1995-08-25,13.0
1995-08-28,13.0
1995-08-29,12.95
1995-08-30,12.95
1995-08-31,12.9
1995-09-01,12.9
1995-09-04,12.8
1995-09-05,12.75
1995-09-06,12.8
1995-09-07,13.0
1995-09-11,12.9
1995-09-12,12.95
1995-09-13,13.0
1995-09-14,13.1
1995-09-15,13.15
1995-09-18,13.05
1995-09-19,12.85
1995-09-20,12.65
1995-09-21,12.75
1995-09-22,12.7
1995-09-25,12.65
1995-09-26,12.6
1995-09-27,12.6
1995-09-28,12.55
1995-09-29,12.6
1995-10-02,12.3
1995-10-04,12.25
1995-10-05,12.25
1995-10-06,12.25
1995-10-09,12.2
1995-10-10,12.1
1995-10-11,12.1
1995-10-12,12.1
1995-10-13,12.1
1995-10-16,12.1
1995-10-17,12.1
1995-10-18,12.1
1995-10-19,12.1
1995-10-20,12.0
1995-10-23,12.0
1995-10-24,12.0
1995-10-25,12.0
1995-10-26,12.0
1995-10-27,12.0
1995-10-30,12.0
1995-10-31,12.0
1995-11-01,11.95
1995-11-02,11.95
1995-11-03,11.95
1995-11-06,11.95
1995-11-07,11.95
1995-11-08,11.95
1995-11-09,11.95
1995-11-10,11.95
1995-11-13,11.95
1995-11-14,11.95
1995-11-15,11.95
1995-11-16,11.95
1995-11-17,11.95
1995-11-20,11.95
1995-11-21,11.95
1995-11-22,11.95
1995-11-23,11.95
1995-11-24,11.9
1995-11-27,11.85
1995-11-28,11.8
1995-11-29,11.8
1995-11-30,11.75
1995-12-01,11.6
1995-12-04,11.55
1995-12-05,11.55
1995-12-06,11.55
1995-12-07,11.6
1995-12-08,11.6
1995-12-11,11.6
1995-12-12,11.6
1995-12-13,11.55
1995-12-14,11.5
1995-12-15,11.5
1995-12-18,11.5
1995-12-19,11.55
1995-12-20,11.65
1995-12-21,11.75
1995-12-22,11.75
1995-12-26,11.75
1995-12-27,11.8
1995-12-28,11.85
1995-12-29,11.8
1996-01-03,11.8
1996-01-04,11.8
1996-01-05,11.85
1996-01-08,11.8
1996-01-09,11.8
1996-01-10,11.8
1996-01-11,11.8
1996-01-12,11.8
1996-01-15,11.8
1996-01-16,11.9
1996-01-17,11.95
1996-01-18,12.05
1996-01-19,12.05
1996-01-22,12.05
1996-01-23,12.05
1996-01-24,12.05
1996-01-25,12.1
1996-01-26,12.1
1996-01-29,12.1
1996-01-30,12.1
1996-01-31,12.1
1996-02-01,12.1
1996-02-02,12.05
1996-02-05,12.05
1996-02-06,12.05
1996-02-07,12.0
1996-02-08,12.0
1996-02-09,12.0
1996-02-12,12.0
1996-02-13,12.0
1996-02-14,12.0
1996-02-15,12.0
1996-02-16,12.0
1996-02-21,12.0
1996-02-22,12.0
1996-02-23,12.0
1996-02-26,12.0
1996-02-27,12.0
1996-02-28,12.0
1996-02-29,12.0
1996-03-04,12.0
1996-03-05,12.0
1996-03-06,12.0
1996-03-07,12.0
1996-03-08,12.0
1996-03-11,12.0
1996-03-12,12.0
1996-03-13,12.0
1996-03-14,12.0
1996-03-15,12.0
1996-03-18,12.0
1996-03-19,12.0
1996-03-20,12.0
1996-03-21,12.0
1996-03-22,11.85
1996-03-25,11.75
1996-03-26,11.75
1996-03-27,11.75
1996-03-28,11.7
1996-03-29,11.65
1996-04-01,11.5
1996-04-02,11.5
1996-04-03,11.45
1996-04-04,11.45
1996-04-08,11.4
1996-04-09,11.4
1996-04-10,11.4
1996-04-12,11.4
1996-04-15,11.1
1996-04-16,11.0
1996-04-17,11.0
1996-04-18,11.0
1996-04-19,11.0
1996-04-22,10.95
1996-04-23,10.85
1996-04-24,10.7
1996-04-25,10.55
1996-04-26,10.45
1996-04-29,10.4
1996-04-30,10.4
1996-05-02,10.5
1996-05-03,10.65
1996-05-06,10.85
1996-05-07,10.8
1996-05-08,10.85
1996-05-09,10.85
1996-05-10,10.8
1996-05-13,10.85
1996-05-14,10.9
1996-05-15,11.05
1996-05-16,11.2
1996-05-17,11.2
1996-05-20,11.15
1996-05-21,11.15
1996-05-22,11.15
1996-05-23,11.1
1996-05-27,11.2
1996-05-28,11.35
1996-05-29,11.4
1996-05-30,11.35
1996-05-31,11.35
1996-06-03,11.3
1996-06-04,11.3
1996-06-05,11.25
1996-06-07,11.25
1996-06-10,11.25
1996-06-11,11.25
1996-06-12,11.35
1996-06-13,11.45
1996-06-14,11.5
1996-06-17,11.65
1996-06-18,11.65
1996-06-19,11.65
1996-06-20,11.65
1996-06-21,11.7
1996-06-24,11.75
1996-06-25,11.75
1996-06-26,11.75
1996-06-27,11.75
1996-06-28,11.7
1996-07-01,11.7
1996-07-02,11.7
1996-07-03,11.7
1996-07-04,11.7
1996-07-05,11.75
1996-07-08,11.9
1996-07-09,11.9
1996-07-10,11.9
1996-07-11,11.85
1996-07-12,11.85
1996-07-15,11.85
1996-07-16,11.85
1996-07-18,11.85
1996-07-19,11.85
1996-07-22,11.85
1996-07-23,11.85
1996-07-24,11.85
1996-07-25,11.9
1996-07-26,11.95
1996-07-29,11.95
1996-07-30,11.95
1996-07-31,12.0
1996-08-01,12.05
1996-08-02,12.05
1996-08-05,12.1
1996-08-06,12.2
1996-08-07,12.2
1996-08-08,12.2
1996-08-09,12.15
1996-08-12,12.2
1996-08-13,12.2
1996-08-14,12.25
1996-08-16,12.25
1996-08-19,12.35
1996-08-20,12.4
1996-08-21,12.4
1996-08-22,12.4
1996-08-23,12.4
1996-08-26,12.4
1996-08-27,12.4
1996-08-28,12.4
1996-08-29,12.4
1996-08-30,12.3
1996-09-02,12.3
1996-09-03,12.25
1996-09-04,12.25
1996-09-05,12.2
1996-09-06,12.2
1996-09-09,12.2
1996-09-10,12.2
1996-09-11,12.2
1996-09-12,12.15
1996-09-13,12.15
1996-09-16,12.1
1996-09-17,12.1
1996-09-18,12.1
1996-09-19,12.1
1996-09-20,12.1
1996-09-23,12.25
1996-09-24,12.25
1996-09-25,12.25
1996-09-30,12.25
1996-10-01,12.25
1996-10-02,12.25
1996-10-04,12.25
1996-10-07,12.25
1996-10-08,12.25
1996-10-09,12.05
1996-10-10,12.0
1996-10-11,12.0
1996-10-14,12.0
1996-10-15,12.0
1996-10-16,12.0
1996-10-17,12.0
1996-10-18,12.0
1996-10-21,11.95
1996-10-22,12.05
1996-10-23,12.05
1996-10-24,12.05
1996-10-25,12.1
1996-10-28,12.05
1996-10-29,12.1
1996-10-30,12.1
1996-10-31,12.1
1996-11-01,12.1
1996-11-04,12.1
1996-11-05,12.1
1996-11-06,12.1
1996-11-07,12.1
1996-11-08,12.1
1996-11-11,12.1
1996-11-12,12.1
1996-11-13,12.1
1996-11-14,12.1
1996-11-15,12.1
1996-11-18,12.1
1996-11-19,12.1
1996-11-20,12.1
1996-11-21,12.1
1996-11-22,12.1
1996-11-25,12.2
1996-11-26,12.2
1996-11-27,12.15
1996-11-28,12.15
1996-11-29,12.15
1996-12-02,12.15
1996-12-03,12.15
1996-12-04,12.15
1996-12-05,12.2
1996-12-06,12.2
1996-12-09,12.2
1996-12-10,12.2
1996-12-11,12.2
1996-12-12,12.2
1996-12-13,12.2
1996-12-16,12.2
1996-12-17,12.2
1996-12-18,12.2
1996-12-19,12.2
1996-12-20,12.2
1996-12-23,12.2
1996-12-24,12.2
1996-12-26,12.2
1996-12-27,12.2
1996-12-30,12.2
1996-12-31,12.2
1997-01-03,12.2
1997-01-06,12.2
1997-01-07,12.2
1997-01-08,12.2
1997-01-09,12.2
1997-01-10,12.2
1997-01-13,12.2
1997-01-14,12.2
1997-01-15,12.2
1997-01-16,12.15
1997-01-17,12.1
1997-01-20,12.1
1997-01-21,12.1
1997-01-22,12.1
1997-01-23,12.1
1997-01-24,12.2
1997-01-27,12.2
1997-01-28,12.2
1997-01-29,12.2
1997-01-30,12.2
1997-01-31,12.2
1997-02-03,12.15
1997-02-04,12.15
1997-02-05,12.15
1997-02-06,12.15
1997-02-10,12.05
1997-02-11,12.0
1997-02-12,12.0
1997-02-13,12.0
1997-02-14,12.0
1997-02-17,12.05
1997-02-18,12.0
1997-02-19,12.05
1997-02-20,12.05
1997-02-21,12.1
1997-02-24,12.15
1997-02-25,12.2
1997-02-26,12.2
1997-02-27,12.2
1997-02-28,12.2
1997-03-03,12.2
1997-03-04,12.2
1997-03-05,12.2
1997-03-06,12.2
1997-03-07,12.2
1997-03-10,12.25
1997-03-11,12.3
1997-03-12,12.3
1997-03-13,12.3
1997-03-14,12.3
1997-03-17,12.3
1997-03-18,12.3
1997-03-19,12.3
1997-03-20,12.4
1997-03-21,12.4
1997-03-24,12.5
1997-03-25,12.45
1997-03-26,12.45
1997-03-27,12.4
1997-03-28,12.4
1997-03-31,12.4
1997-04-01,12.35
1997-04-02,12.4
1997-04-03,12.4
1997-04-04,12.4
1997-04-07,12.4
1997-04-08,12.4
1997-04-09,12.4
1997-04-10,12.4
1997-04-11,12.4
1997-04-14,12.4
1997-04-15,12.4
1997-04-16,12.4
1997-04-17,12.4
1997-04-18,12.4
1997-04-21,12.4
1997-04-22,12.4
1997-04-23,12.4
1997-04-24,12.4
1997-04-25,12.4
1997-04-28,12.4
1997-04-29,12.4
1997-04-30,12.4
1997-05-02,12.4
1997-05-06,12.4
1997-05-07,12.4
1997-05-08,12.4
1997-05-09,12.4
1997-05-12,12.4
1997-05-13,12.4
1997-05-15,12.4
1997-05-16,12.4
1997-05-19,12.4
1997-05-20,12.4
1997-05-21,12.4
1997-05-22,12.4
1997-05-23,12.4
1997-05-26,12.4
1997-05-27,12.4
1997-05-28,12.4
1997-05-29,12.4
1997-05-30,12.4
1997-06-02,12.15
1997-06-03,12.1
1997-06-04,11.95
1997-06-05,11.85
1997-06-09,11.75
1997-06-10,11.7
1997-06-11,11.65
1997-06-12,11.65
1997-06-13,11.65
1997-06-16,11.65
1997-06-17,11.65
1997-06-18,11.65
1997-06-19,11.65
1997-06-20,11.65
1997-06-23,11.65
1997-06-24,11.65
1997-06-25,11.65
1997-06-26,11.65
1997-06-27,11.65
1997-06-30,11.65
1997-07-01,11.65
1997-07-02,11.65
1997-07-03,11.65
1997-07-04,11.65
1997-07-07,11.65
1997-07-08,11.65
1997-07-09,11.65
1997-07-10,11.65
1997-07-11,11.65
1997-07-14,11.65
1997-07-15,11.65
1997-07-16,11.65
1997-07-18,11.65
1997-07-21,11.65
1997-07-22,11.65
1997-07-23,11.65
1997-07-24,11.65
1997-07-25,11.65
1997-07-28,11.65
1997-07-29,11.65
1997-07-30,11.65
1997-07-31,11.65
1997-08-01,11.65
1997-08-04,11.65
1997-08-05,11.65
1997-08-06,11.65
1997-08-07,11.65
1997-08-08,11.65
1997-08-11,11.65
1997-08-12,11.65
1997-08-13,11.65
1997-08-14,11.65
1997-08-18,11.65
1997-08-19,11.65
1997-08-20,11.65
1997-08-21,11.65
1997-08-22,11.65
1997-08-25,11.65
1997-08-26,11.65
1997-08-27,11.65
1997-08-28,11.65
1997-08-29,11.65
1997-09-01,11.65
1997-09-02,11.65
1997-09-03,11.65
1997-09-04,11.65
1997-09-05,11.65
1997-09-08,11.65
1997-09-09,11.65
1997-09-10,11.65
1997-09-11,11.65
1997-09-12,11.65
1997-09-18,11.65
1997-09-19,11.65
1997-09-22,11.65
1997-09-23,11.65
1997-09-24,11.65
1997-09-25,11.65
1997-09-26,11.65
1997-09-29,11.65
1997-09-30,11.65
1997-10-01,11.65
1997-10-02,11.65
1997-10-06,11.65
1997-10-07,11.65
1997-10-08,11.65
1997-10-09,11.65
1997-10-10,11.65
1997-10-13,11.65
1997-10-14,11.65
1997-10-15,11.65
1997-10-16,11.65
1997-10-17,11.65
1997-10-20,11.65
1997-10-21,11.65
1997-10-22,11.65
1997-10-23,11.65
1997-10-24,11.65
1997-10-27,11.65
1997-10-28,11.65
1997-10-29,11.65
1997-10-30,11.65
1997-10-31,11.65
1997-11-03,11.65
1997-11-04,11.65
1997-11-05,11.65
1997-11-06,11.65
1997-11-07,11.65
1997-11-10,11.65
1997-11-11,11.65
1997-11-12,11.65
1997-11-13,11.65
1997-11-14,11.65
1997-11-17,11.65
1997-11-18,11.65
1997-11-19,11.65
1997-11-20,12.55
1997-11-21,12.55
1997-11-24,13.95
1997-11-25,14.35
1997-11-26,15.1
1997-11-27,14.75
1997-11-28,13.9
1997-12-01,14.55
1997-12-02,14.85
1997-12-03,14.75
1997-12-04,14.75
1997-12-05,15.0
1997-12-08,15.0
1997-12-09,15.0
1997-12-10,15.0
1997-12-11,15.0
1997-12-12,15.0
1997-12-15,15.0
1997-12-16,15.0
1997-12-17,15.0
1997-12-19,15.0
1997-12-22,15.0
1997-12-23,15.0
1997-12-24,15.0
1997-12-26,15.0
1997-12-29,15.0
1997-12-30,15.0
1997-12-31,15.0
1998-01-05,15.0
1998-01-06,15.0
1998-01-07,15.0
1998-01-08,15.0
1998-01-09,15.0
1998-01-12,15.0
1998-01-13,15.0
1998-01-14,15.0
1998-01-15,15.0
1998-01-16,15.0
1998-01-19,15.0
1998-01-20,15.0
1998-01-21,15.0
1998-01-22,15.0
1998-01-23,15.0
1998-01-26,15.0
1998-01-30,15.0
1998-02-02,15.0
1998-02-03,15.0
1998-02-04,15.0
1998-02-05,15.0
1998-02-06,15.0
1998-02-09,15.0
1998-02-10,15.0
1998-02-11,15.0
1998-02-12,15.0
1998-02-13,15.0
1998-02-16,15.0
1998-02-17,15.0
1998-02-18,15.0
1998-02-19,15.0
1998-02-20,15.0
1998-02-23,15.0
1998-02-24,15.0
1998-02-25,15.0
1998-02-26,15.0
1998-02-27,15.0
1998-03-02,15.0
1998-03-03,15.0
1998-03-04,15.0
1998-03-05,15.0
1998-03-06,15.0
1998-03-09,15.0
1998-03-10,15.0
1998-03-11,15.0
1998-03-12,15.0
1998-03-13,15.0
1998-03-16,15.0
1998-03-17,15.0
1998-03-18,15.0
1998-03-19,15.0
1998-03-20,15.0
1998-03-23,15.0
1998-03-24,15.0
1998-03-25,15.0
1998-03-26,15.0
1998-03-27,15.0
1998-03-30,15.0
1998-03-31,17.45
1998-04-01,17.4
1998-04-02,17.35
1998-04-03,17.4
1998-04-06,17.5
1998-04-07,17.5
1998-04-08,17.5
1998-04-09,17.5
1998-04-10,17.35
1998-04-13,16.7
1998-04-14,17.0
1998-04-15,17.0
1998-04-16,17.0
1998-04-17,17.0
1998-04-20,17.0
1998-04-21,17.0
1998-04-22,17.0
1998-04-23,17.0
1998-04-24,17.0
1998-04-27,17.0
1998-04-28,17.0
1998-04-29,17.0
1998-04-30,16.8
1998-05-04,16.75
1998-05-06,16.8
1998-05-07,16.8
1998-05-08,16.8
1998-05-11,16.75
1998-05-12,16.75
1998-05-13,16.75
1998-05-14,16.7
1998-05-15,16.75
1998-05-18,16.8
1998-05-19,16.8
1998-05-20,16.85
1998-05-21,17.0
1998-05-22,17.0
1998-05-25,17.0
1998-05-26,17.0
1998-05-27,17.0
1998-05-28,17.0
1998-05-29,17.0
1998-06-01,16.65
1998-06-02,16.55
1998-06-03,16.55
1998-06-05,16.5
1998-06-08,16.3
1998-06-09,15.9
1998-06-10,15.65
1998-06-11,15.5
1998-06-12,15.45
1998-06-15,15.25
1998-06-16,15.15
1998-06-17,15.15
1998-06-18,14.85
1998-06-19,14.2
1998-06-22,13.85
1998-06-23,13.9
1998-06-24,14.0
1998-06-25,14.0
1998-06-26,14.0
1998-06-29,14.0
1998-06-30,14.0
1998-07-01,13.85
1998-07-02,13.0
1998-07-03,12.75
1998-07-06,12.6
1998-07-07,12.55
1998-07-08,12.7
1998-07-09,12.85
1998-07-10,13.15
1998-07-13,13.25
1998-07-14,13.25
1998-07-15,13.1
1998-07-16,12.6
1998-07-20,12.05
1998-07-21,12.05
1998-07-22,12.05
1998-07-23,12.05
1998-07-24,12.1
1998-07-27,12.1
1998-07-28,12.1
1998-07-29,12.0
1998-07-30,11.85
1998-07-31,11.75
1998-08-03,11.5
1998-08-04,11.35
1998-08-05,11.3
1998-08-06,11.3
1998-08-07,11.3
1998-08-10,11.3
1998-08-11,11.3
1998-08-12,11.55
1998-08-13,11.6
1998-08-14,11.9
1998-08-17,11.95
1998-08-18,12.25
1998-08-19,12.3
1998-08-20,12.3
1998-08-21,12.2
1998-08-24,12.2
1998-08-25,12.2
1998-08-26,12.1
1998-08-27,11.6
1998-08-28,11.45
1998-08-31,11.3
1998-09-01,11.4
1998-09-02,11.4
1998-09-03,11.65
1998-09-04,11.6
1998-09-07,11.6
1998-09-08,11.8
1998-09-09,11.8
1998-09-10,11.8
1998-09-11,12.05
1998-09-14,12.3
1998-09-15,12.25
1998-09-16,12.05
1998-09-17,11.95
1998-09-18,11.95
1998-09-21,11.95
1998-09-22,11.95
1998-09-23,11.95
1998-09-24,11.9
1998-09-25,11.9
1998-09-28,11.9
1998-09-29,11.8
1998-09-30,11.5
1998-10-01,11.0
1998-10-02,10.5
1998-10-07,10.45
1998-10-08,10.25
1998-10-09,10.05
1998-10-12,10.0
1998-10-13,9.9
1998-10-14,9.8
1998-10-15,9.0
1998-10-16,8.6
1998-10-19,9.1
1998-10-20,9.1
1998-10-21,9.05
1998-10-22,9.05
1998-10-23,9.1
1998-10-26,9.35
1998-10-27,9.05
1998-10-28,8.8
1998-10-29,8.8
1998-10-30,8.5
1998-11-02,8.3
1998-11-03,8.3
1998-11-04,8.4
1998-11-05,8.4
1998-11-06,8.4
1998-11-09,8.35
1998-11-10,8.35
1998-11-11,8.45
1998-11-12,8.65
1998-11-13,8.6
1998-11-16,8.5
1998-11-17,8.45
1998-11-18,8.45
1998-11-19,8.35
1998-11-20,8.35
1998-11-23,8.3
1998-11-24,8.2
1998-11-25,7.9
1998-11-26,8.0
1998-11-27,8.15
1998-11-30,8.1
1998-12-01,8.15
1998-12-02,8.2
1998-12-03,8.15
1998-12-04,7.9
1998-12-07,7.25
1998-12-08,7.3
1998-12-09,7.3
1998-12-10,7.1
1998-12-11,7.0
1998-12-14,6.8
1998-12-15,6.95
1998-12-16,7.0
1998-12-17,7.0
1998-12-18,7.1
1998-12-21,7.1
1998-12-22,7.1
1998-12-23,7.0
1998-12-24,6.95
1998-12-28,6.95
1998-12-29,6.95
1998-12-30,6.95
1998-12-31,6.95
1999-01-04,6.78
1999-01-05,6.39
1999-01-06,6.28
1999-01-07,5.97
1999-01-08,5.93
1999-01-11,6.04
1999-01-12,6.29
1999-01-13,6.32
1999-01-14,6.58
1999-01-15,6.49
1999-01-18,6.6
1999-01-19,6.65
1999-01-20,6.65
1999-01-21,7.08
1999-01-22,7.1
1999-01-25,7.16
1999-01-26,7.38
1999-01-27,7.33
1999-01-28,7.05
1999-01-29,7.05
1999-02-01,7.09
1999-02-02,7.0
1999-02-03,7.01
1999-02-04,7.0
1999-02-05,7.0
1999-02-08,7.0
1999-02-09,7.36
1999-02-10,7.27
1999-02-11,7.2
1999-02-12,7.11
1999-02-18,7.1
1999-02-19,7.1
1999-02-22,7.1
1999-02-23,7.1
1999-02-24,7.1
1999-02-25,7.03
1999-02-26,6.96
1999-03-02,6.48
1999-03-03,6.59
1999-03-04,6.67
1999-03-05,7.03
1999-03-08,7.0
1999-03-09,7.0
1999-03-10,7.02
1999-03-11,7.06
1999-03-12,7.04
1999-03-15,7.04
1999-03-16,7.0
1999-03-17,6.95
1999-03-18,6.96
1999-03-19,6.92
1999-03-22,6.74
1999-03-23,6.7
1999-03-24,6.65
1999-03-25,6.6
1999-03-26,6.59
1999-03-29,6.49
1999-03-30,6.5
1999-03-31,6.5
1999-04-01,6.57
1999-04-02,6.61
1999-04-06,6.55
1999-04-07,6.51
1999-04-08,6.33
1999-04-09,6.42
1999-04-12,6.41
1999-04-13,6.39
1999-04-14,6.37
1999-04-15,6.34
1999-04-16,6.32
1999-04-19,6.21
1999-04-20,6.04
1999-04-21,6.06
1999-04-22,6.11
1999-04-23,6.08
1999-04-26,6.28
1999-04-27,6.43
1999-04-28,6.53
1999-04-29,6.64
1999-04-30,6.66
1999-05-03,6.86
1999-05-04,7.08
1999-05-06,5.91
1999-05-07,6.17
1999-05-10,6.37
1999-05-11,6.57
1999-05-12,7.0
1999-05-13,7.0
1999-05-14,7.0
1999-05-17,7.0
1999-05-18,7.0
1999-05-19,7.01
1999-05-20,6.98
1999-05-21,6.99
1999-05-24,6.96
1999-05-25,6.7
1999-05-26,6.6
1999-05-27,6.63
1999-05-28,6.73
1999-05-31,6.67
1999-06-01,6.7
1999-06-02,6.7
1999-06-03,6.71
1999-06-04,6.45
1999-06-07,6.35
1999-06-08,6.39
1999-06-09,6.58
1999-06-10,6.58
1999-06-11,6.65
1999-06-14,6.7
1999-06-15,6.7
1999-06-16,6.85
1999-06-17,6.86
1999-06-18,7.03
1999-06-21,7.22
1999-06-22,7.23
1999-06-23,7.35
1999-06-24,7.35
1999-06-25,7.35
1999-06-28,7.35
1999-06-29,7.2
1999-06-30,7.2
1999-07-01,7.22
1999-07-02,7.21
1999-07-05,7.22
1999-07-06,7.23
1999-07-07,7.23
1999-07-08,7.26
1999-07-09,7.33
1999-07-12,7.57
1999-07-13,7.68
1999-07-14,7.67
1999-07-15,7.92
1999-07-16,8.05
1999-07-19,8.31
1999-07-20,8.3
1999-07-21,8.4
1999-07-22,8.4
1999-07-23,8.72
1999-07-26,8.44
1999-07-27,8.25
1999-07-28,8.26
1999-07-29,8.26
1999-07-30,8.44
1999-08-02,8.58
1999-08-03,8.59
1999-08-04,8.59
1999-08-05,8.73
1999-08-06,8.78
1999-08-09,8.87
1999-08-10,9.0
1999-08-11,8.96
1999-08-12,8.75
1999-08-13,8.85
1999-08-16,8.91
1999-08-17,8.88
1999-08-18,8.9
1999-08-19,8.96
1999-08-20,9.21
1999-08-23,9.18
1999-08-24,9.0
1999-08-25,8.98
1999-08-26,8.98
1999-08-27,8.99
1999-08-30,9.0
1999-08-31,9.11
1999-09-01,9.15
1999-09-02,9.17
1999-09-03,9.35
1999-09-06,9.37
1999-09-07,9.37
1999-09-08,9.37
1999-09-09,9.35
1999-09-10,9.3
1999-09-13,9.3
1999-09-14,9.4
1999-09-15,9.49
1999-09-16,9.57
1999-09-17,9.77
1999-09-20,9.78
1999-09-21,9.41
1999-09-22,9.17
1999-09-27,8.88
1999-09-28,8.9
1999-09-29,9.12
1999-09-30,9.03
1999-10-01,9.01
1999-10-04,8.57
1999-10-05,8.49
1999-10-06,8.55
1999-10-07,8.35
1999-10-08,8.35
1999-10-11,8.38
1999-10-12,8.35
1999-10-13,8.41
1999-10-14,8.47
1999-10-15,8.45
1999-10-18,8.4
1999-10-19,8.3
1999-10-20,8.0
1999-10-21,7.74
1999-10-22,7.7
1999-10-25,7.99
1999-10-26,7.86
1999-10-27,8.03
1999-10-28,8.05
1999-10-29,8.18
1999-11-01,8.2
1999-11-02,8.29
1999-11-03,8.27
1999-11-04,8.3
1999-11-05,8.44
1999-11-08,8.45
1999-11-09,8.38
1999-11-10,8.35
1999-11-11,8.23
1999-11-12,8.3
1999-11-15,8.34
1999-11-16,8.38
1999-11-17,8.46
1999-11-18,8.59
1999-11-19,8.6
1999-11-22,8.63
1999-11-23,8.87
1999-11-24,8.6
1999-11-25,8.6
1999-11-26,8.6
1999-11-29,8.61
1999-11-30,8.62
1999-12-01,8.69
1999-12-02,8.72
1999-12-03,8.7
1999-12-06,8.67
1999-12-07,8.68
1999-12-08,8.69
1999-12-09,8.69
1999-12-10,8.78
1999-12-13,8.8
1999-12-14,8.8
1999-12-15,8.8
1999-12-16,8.88
1999-12-17,8.89
1999-12-20,8.9
1999-12-21,8.99
1999-12-22,9.0
1999-12-23,9.03
1999-12-24,9.03
1999-12-27,9.03
1999-12-28,9.03
1999-12-29,9.03
1999-12-30,9.03
2000-01-04,9.04
2000-01-05,9.11
2000-01-06,9.16
2000-01-07,9.17
2000-01-10,9.23
2000-01-11,9.3
2000-01-12,9.38
2000-01-13,9.47
2000-01-14,9.49
2000-01-17,9.55
2000-01-18,9.58
2000-01-19,9.53
2000-01-20,9.3
2000-01-21,9.28
2000-01-24,9.28
2000-01-25,9.29
2000-01-26,9.36
2000-01-27,9.22
2000-01-28,9.01
2000-01-31,9.0
2000-02-01,9.07
2000-02-02,9.06
2000-02-03,8.98
2000-02-07,8.92
2000-02-08,9.05
2000-02-09,9.1
2000-02-10,9.08
2000-02-11,9.11
2000-02-14,9.0
2000-02-15,8.9
2000-02-16,8.9
2000-02-17,8.95
2000-02-18,8.95
2000-02-21,8.96
2000-02-22,8.96
2000-02-23,9.0
2000-02-24,8.98
2000-02-25,8.93
2000-02-28,8.9
2000-02-29,8.91
2000-03-02,8.95
2000-03-03,8.97
2000-03-06,9.0
2000-03-07,9.02
2000-03-08,9.06
2000-03-09,9.04
2000-03-10,9.04
2000-03-13,9.04
2000-03-14,9.08
2000-03-15,9.1
2000-03-16,9.11
2000-03-17,9.09
2000-03-20,9.11
2000-03-21,9.11
2000-03-22,9.11
2000-03-23,9.11
2000-03-24,9.08
2000-03-27,9.07
2000-03-28,9.05
2000-03-29,9.05
2000-03-30,9.06
2000-03-31,9.0
2000-04-03,9.01
2000-04-04,9.0
2000-04-06,8.99
2000-04-07,8.91
2000-04-10,8.86
2000-04-11,8.9
2000-04-12,8.98
2000-04-14,9.0
2000-04-17,9.04
2000-04-18,8.93
2000-04-19,8.9
2000-04-20,8.94
2000-04-21,8.93
2000-04-24,8.91
2000-04-25,8.94
2000-04-26,8.97
2000-04-27,8.97
2000-04-28,8.92
2000-05-02,8.89
2000-05-03,8.87
2000-05-04,8.86
2000-05-08,8.85
2000-05-09,8.87
2000-05-10,8.89
2000-05-12,8.91
2000-05-15,8.94
2000-05-16,8.95
2000-05-17,8.95
2000-05-18,9.0
2000-05-19,9.09
2000-05-22,9.1
2000-05-23,9.16
2000-05-24,9.02
2000-05-25,8.98
2000-05-26,8.99
2000-05-29,8.99
2000-05-30,8.94
2000-05-31,8.87
2000-06-01,8.82
2000-06-02,8.75
2000-06-05,8.74
2000-06-07,8.69
2000-06-08,8.69
2000-06-09,8.69
2000-06-12,8.69
2000-06-13,8.71
2000-06-14,8.71
2000-06-15,8.71
2000-06-16,8.72
2000-06-19,8.7
2000-06-20,8.7
2000-06-21,8.68
2000-06-22,8.63
2000-06-23,8.57
2000-06-26,8.58
2000-06-27,8.58
2000-06-28,8.57
2000-06-29,8.47
2000-06-30,8.31
2000-07-03,8.15
2000-07-04,8.25
2000-07-05,8.14
2000-07-06,8.06
2000-07-07,7.9
2000-07-10,7.94
2000-07-11,7.93
2000-07-12,7.96
2000-07-13,7.98
2000-07-14,7.93
2000-07-18,7.79
2000-07-19,7.77
2000-07-20,7.87
2000-07-21,7.87
2000-07-24,8.01
2000-07-25,8.16
2000-07-26,8.13
2000-07-27,8.1
2000-07-28,8.05
2000-07-31,8.07
2000-08-01,8.05
2000-08-02,7.92
2000-08-03,7.84
2000-08-04,7.9
2000-08-07,7.9
2000-08-08,7.84
2000-08-09,7.77
2000-08-10,7.69
2000-08-11,7.73
2000-08-14,7.74
2000-08-16,7.75
2000-08-17,7.83
2000-08-18,7.9
2000-08-21,7.9
2000-08-22,7.86
2000-08-23,7.88
2000-08-24,7.91
2000-08-25,7.92
2000-08-28,7.91
2000-08-29,7.87
2000-08-30,7.76
2000-08-31,7.79
2000-09-01,7.8
2000-09-04,7.7
2000-09-05,7.7
2000-09-06,7.7
2000-09-07,7.7
2000-09-08,7.76
2000-09-14,7.85
2000-09-15,7.92
2000-09-18,8.11
2000-09-19,8.1
2000-09-20,8.09
2000-09-21,8.12
2000-09-22,8.2
2000-09-25,8.15
2000-09-26,8.12
2000-09-27,8.08
2000-09-28,8.08
2000-09-29,8.07
2000-10-02,8.02
2000-10-04,7.99
2000-10-05,7.96
2000-10-06,7.86
2000-10-09,7.83
2000-10-10,7.86
2000-10-11,7.93
2000-10-12,7.91
2000-10-13,8.01
2000-10-16,7.92
2000-10-17,7.91
2000-10-18,7.89
2000-10-19,7.86
2000-10-20,7.79
2000-10-23,7.79
2000-10-24,7.78
2000-10-25,7.75
2000-10-26,7.71
2000-10-27,7.63
2000-10-30,7.62
2000-10-31,7.64
2000-11-01,7.59
2000-11-02,7.61
2000-11-03,7.63
2000-11-06,7.65
2000-11-07,7.66
2000-11-08,7.54
2000-11-09,7.27
2000-11-10,7.1
2000-11-13,7.05
2000-11-14,7.1
2000-11-15,7.18
2000-11-16,7.23
2000-11-17,7.2
2000-11-20,7.25
2000-11-21,7.32
2000-11-22,7.24
2000-11-23,7.32
2000-11-24,7.29
2000-11-27,7.2
2000-11-28,7.18
2000-11-29,7.19
2000-11-30,7.16
2000-12-01,7.0
2000-12-04,6.91
2000-12-05,6.82
2000-12-06,6.82
2000-12-07,6.84
2000-12-08,6.79
2000-12-11,6.77
2000-12-12,6.84
2000-12-13,6.83
2000-12-14,6.69
2000-12-15,6.71
2000-12-18,6.74
2000-12-19,6.75
2000-12-20,6.75
2000-12-21,6.75
2000-12-22,6.75
2000-12-26,6.75
2000-12-27,6.81
2000-12-28,6.74
2000-12-29,6.7
2001-01-02,6.67
2001-01-03,6.64
2001-01-04,6.37
2001-01-05,6.19
2001-01-08,6.1
2001-01-09,6.14
2001-01-10,6.14
2001-01-11,5.95
2001-01-12,6.0
2001-01-15,5.99
2001-01-16,5.86
2001-01-17,5.73
2001-01-18,5.8
2001-01-19,5.77
2001-01-22,5.77
2001-01-26,5.77
2001-01-29,5.75
2001-01-30,5.73
2001-01-31,5.68
2001-02-01,5.63
2001-02-02,5.48
2001-02-05,5.38
2001-02-06,5.33
2001-02-07,5.25
2001-02-08,5.21
2001-02-09,5.22
2001-02-12,5.09
2001-02-13,5.07
2001-02-14,5.15
2001-02-15,5.1
2001-02-16,5.35
2001-02-19,5.28
2001-02-20,5.41
2001-02-21,5.6
2001-02-22,5.74
2001-02-23,5.53
2001-02-26,5.85
2001-02-27,5.67
2001-02-28,5.5
2001-03-02,5.44
2001-03-05,5.57
2001-03-06,5.6
2001-03-07,6.04
2001-03-08,6.23
2001-03-09,6.15
2001-03-12,6.0
2001-03-13,6.06
2001-03-14,5.95
2001-03-15,5.48
2001-03-16,5.65
2001-03-19,5.61
2001-03-20,5.59
2001-03-21,5.75
2001-03-22,5.78
2001-03-23,5.77
2001-03-26,5.68
2001-03-27,5.59
2001-03-28,5.84
2001-03-29,5.98
2001-03-30,6.36
2001-04-02,6.4
2001-04-03,6.7
2001-04-04,6.54
2001-04-06,6.6
2001-04-09,6.53
2001-04-10,6.41
2001-04-11,6.39
2001-04-12,6.47
2001-04-13,6.41
2001-04-16,6.46
2001-04-17,6.4
2001-04-18,6.38
2001-04-19,6.37
2001-04-20,6.59
2001-04-23,6.7
2001-04-24,6.75
2001-04-25,6.71
2001-04-26,6.83
2001-04-27,6.87
2001-04-30,6.81
2001-05-02,6.7
2001-05-03,6.55
2001-05-04,6.4
2001-05-08,6.53
2001-05-09,6.55
2001-05-10,6.35
2001-05-11,6.44
2001-05-14,6.54
2001-05-15,6.36
2001-05-16,6.64
2001-05-17,6.62
2001-05-18,6.6
2001-05-21,6.55
2001-05-22,6.48
2001-05-23,6.51
2001-05-24,6.45
2001-05-25,6.4
2001-05-28,6.3
2001-05-29,6.22
2001-05-30,6.27
2001-05-31,6.1
2001-06-01,6.17
2001-06-04,6.12
2001-06-05,6.2
2001-06-07,6.1
2001-06-08,6.14
2001-06-11,6.1
2001-06-12,6.16
2001-06-13,6.09
2001-06-14,6.07
2001-06-15,6.01
2001-06-18,6.06
2001-06-19,6.13
2001-06-20,6.02
2001-06-21,6.0
2001-06-22,5.95
2001-06-25,5.97
2001-06-26,5.9
2001-06-27,5.99
2001-06-28,5.86
2001-06-29,5.93
2001-07-04,5.86
2001-07-05,5.86
2001-07-06,5.85
2001-07-10,5.86
2001-07-11,5.83
2001-07-12,5.91
2001-07-16,5.81
2001-07-18,5.66
2001-07-25,5.57
2001-07-31,5.56
2001-08-01,5.49
2001-08-03,5.44
2001-08-06,5.41
2001-08-07,5.38
2001-08-08,5.3
2001-08-09,5.16
2001-08-10,4.95
2001-08-13,4.96
2001-08-14,5.04
2001-08-16,5.06
2001-08-17,5.02
2001-08-20,4.94
2001-08-21,5.0
2001-08-23,5.06
2001-08-24,5.1
2001-08-27,5.09
2001-08-28,5.14
2001-08-29,5.02
2001-08-30,5.1
2001-08-31,5.14
2001-09-03,5.0
2001-09-04,5.0
2001-09-05,5.03
2001-09-06,5.14
2001-09-10,5.15
2001-09-11,5.17
2001-09-12,5.09
2001-09-13,5.04
2001-09-14,4.9
2001-09-17,4.97
2001-09-18,4.97
2001-09-19,4.7
2001-09-20,4.71
2001-09-21,4.73
2001-09-24,4.72
2001-09-25,4.65
2001-09-26,4.64
2001-09-27,4.56
2001-09-28,4.51
2001-10-04,4.33
2001-10-05,4.38
2001-10-08,4.4
2001-10-09,4.38
2001-10-10,4.4
2001-10-11,4.52
2001-10-12,4.83
2001-10-15,4.75
2001-10-16,4.69
2001-10-17,4.77
2001-10-18,4.81
2001-10-23,4.74
2001-10-24,4.89
2001-10-25,4.9
2001-10-26,5.0
2001-10-30,4.99
2001-10-31,4.99
2001-11-01,4.88
2001-11-02,4.8
2001-11-05,4.83
2001-11-06,4.84
2001-11-07,4.88
2001-11-08,4.88
2001-11-09,4.91
2001-11-12,4.9
2001-11-13,4.96
2001-11-14,5.05
2001-11-15,5.53
2001-11-16,5.58
2001-11-19,5.6
2001-11-20,5.55
2001-11-21,5.55
2001-11-22,5.67
2001-11-23,5.9
2001-11-26,6.0
2001-11-27,5.87
2001-11-28,5.78
2001-11-29,5.69
2001-11-30,5.7
2001-12-03,5.61
2001-12-04,5.63
2001-12-05,5.86
2001-12-06,6.12
2001-12-07,6.15
2001-12-10,6.28
2001-12-11,6.14
2001-12-12,6.06
2001-12-13,6.11
2001-12-14,5.94
2001-12-17,5.93
2001-12-18,5.76
2001-12-19,5.8
2001-12-20,5.83
2001-12-21,5.86
2001-12-24,5.86
2001-12-26,5.86
2001-12-27,5.8
2001-12-28,5.86
2002-01-02,6.1
2002-01-03,6.18
2002-01-04,6.15
2002-01-07,6.16
2002-01-08,6.14
2002-01-09,6.14
2002-01-10,6.11
2002-01-11,6.09
2002-01-14,6.06
2002-01-15,6.02
2002-01-16,6.01
2002-01-17,5.96
2002-01-18,5.97
2002-01-21,5.95
2002-01-23,6.07
2002-01-24,6.13
2002-01-25,6.14
2002-01-28,6.17
2002-01-29,6.12
2002-01-30,6.09
2002-01-31,6.05
2002-02-01,5.95
2002-02-04,5.95
2002-02-05,5.9
2002-02-06,5.94
2002-02-08,5.9
2002-02-14,5.98
2002-02-15,6.0
2002-02-18,5.97
2002-02-19,5.87
2002-02-20,5.95
2002-02-21,5.93
2002-02-25,5.94
2002-02-26,5.86
2002-02-27,5.86
2002-02-28,5.73
2002-03-04,5.92
2002-03-05,5.93
2002-03-06,6.05
2002-03-08,6.18
2002-03-11,6.25
2002-03-12,6.2
2002-03-13,6.32
2002-03-14,6.32
2002-03-15,6.46
2002-03-18,6.4
2002-03-19,6.53
2002-03-20,6.49
2002-03-21,6.51
2002-03-22,6.45
2002-03-25,6.46
2002-03-26,6.49
2002-03-27,6.46
2002-03-28,6.38
2002-03-29,6.42
2002-04-01,6.43
2002-04-02,6.54
2002-04-03,6.54
2002-04-04,6.55
2002-04-09,6.6
2002-04-10,6.6
2002-04-11,6.57
2002-04-12,6.53
2002-04-15,6.49
2002-04-16,6.53
2002-04-17,6.56
2002-04-18,6.51
2002-04-19,6.5
2002-04-23,6.48
2002-04-24,6.46
2002-04-25,6.44
2002-04-26,6.41
2002-04-29,6.35
2002-04-30,6.37
2002-05-02,6.37
2002-05-03,6.35
2002-05-06,6.34
2002-05-07,6.4
2002-05-08,6.39
2002-05-09,6.5
2002-05-10,6.33
2002-05-13,6.33
2002-05-14,6.31
2002-05-15,6.35
2002-05-16,6.35
2002-05-17,6.34
2002-05-20,6.36
2002-05-21,6.33
2002-05-23,6.33
2002-05-24,6.32
2002-05-27,6.34
2002-05-28,6.33
2002-05-29,6.3
2002-05-30,6.15
2002-05-31,6.11
2002-06-03,6.13
2002-06-04,6.08
2002-06-05,6.09
2002-06-10,6.03
2002-06-11,6.03
2002-06-12,6.09
2002-06-14,6.09
2002-06-17,6.06
2002-06-18,6.0
2002-06-19,5.88
2002-06-20,5.88
2002-06-21,5.85
2002-06-24,5.82
2002-06-25,5.84
2002-06-26,5.6
2002-06-27,5.56
2002-06-28,5.68
2002-07-02,5.59
2002-07-04,5.62
2002-07-08,5.85
2002-07-09,5.85
2002-07-10,5.92
2002-07-11,5.95
2002-07-15,5.87
2002-07-18,5.84
2002-07-19,5.71
2002-07-23,5.52
2002-07-24,5.57
2002-07-25,5.58
2002-07-26,5.39
2002-07-29,5.49
2002-07-30,5.46
2002-07-31,5.59
2002-08-01,5.51
2002-08-02,5.38
2002-08-05,5.25
2002-08-06,5.25
2002-08-07,5.25
2002-08-08,5.28
2002-08-09,5.31
2002-08-12,5.23
2002-08-13,5.25
2002-08-14,5.24
2002-08-16,5.26
2002-08-19,5.29
2002-08-20,5.35
2002-08-21,5.36
2002-08-22,5.44
2002-08-23,5.5
2002-08-26,5.5
2002-08-27,5.57
2002-08-28,5.6
2002-08-29,5.53
2002-08-30,5.49
2002-09-02,5.5
2002-09-03,5.5
2002-09-04,5.49
2002-09-05,5.36
2002-09-06,5.3
2002-09-09,5.32
2002-09-10,5.34
2002-09-11,5.42
2002-09-12,5.5
2002-09-13,5.41
2002-09-16,5.31
2002-09-17,5.5
2002-09-18,5.37
2002-09-23,5.32
2002-09-24,5.25
2002-09-25,5.32
2002-09-26,5.3
2002-09-27,5.29
2002-09-30,5.25
2002-10-01,5.25
2002-10-02,5.34
2002-10-04,5.38
2002-10-07,5.41
2002-10-08,5.41
2002-10-09,6.02
2002-10-10,5.33
2002-10-14,5.37
2002-10-16,5.45
2002-10-17,5.51
2002-10-18,5.52
2002-10-21,5.48
2002-10-23,5.48
2002-10-25,5.43
2002-10-28,5.39
2002-10-30,5.31
2002-11-01,5.31
2002-11-04,5.31
2002-11-05,5.35
2002-11-06,5.35
2002-11-07,5.35
2002-11-08,5.22
2002-11-11,5.29
2002-11-12,5.2
2002-11-13,5.21
2002-11-14,5.16
2002-11-15,5.18
2002-11-18,5.24
2002-11-19,5.23
2002-11-20,5.23
2002-11-21,5.27
2002-11-22,5.27
2002-11-25,5.36
2002-11-26,5.35
2002-11-27,5.39
2002-11-28,5.43
2002-11-29,5.41
2002-12-02,5.36
2002-12-03,5.4
2002-12-04,5.39
2002-12-05,5.37
2002-12-06,5.38
2002-12-09,5.38
2002-12-10,5.34
2002-12-11,5.3
2002-12-12,5.3
2002-12-13,5.27
2002-12-16,5.28
2002-12-17,5.27
2002-12-18,5.27
2002-12-23,5.23
2002-12-24,5.24
2002-12-26,5.22
2002-12-27,5.19
2002-12-30,5.15
2002-12-31,5.13
2003-01-02,5.07
2003-01-03,5.11
2003-01-06,5.08
2003-01-07,5.09
2003-01-08,5.05
2003-01-09,5.04
2003-01-10,5.03
2003-01-13,5.05
2003-01-14,5.01
2003-01-15,5.01
2003-01-16,4.94
2003-01-17,4.95
2003-01-20,4.95
2003-01-21,4.94
2003-01-23,4.89
2003-01-24,4.92
2003-01-27,4.88
2003-01-28,4.8
2003-01-29,4.74
2003-01-30,4.75
2003-02-03,4.79
2003-02-04,4.77
2003-02-05,4.8
2003-02-06,4.77
2003-02-07,4.66
2003-02-10,4.67
2003-02-11,4.66
2003-02-12,4.81
2003-02-13,4.81
2003-02-14,4.76
2003-02-17,4.84
2003-02-18,4.84
2003-02-19,4.8
2003-02-20,4.79
2003-02-21,4.72
2003-02-24,4.73
2003-02-25,4.64
2003-02-26,4.6
2003-02-27,4.57
2003-02-28,4.6
2003-03-03,4.62
2003-03-04,4.59
2003-03-05,4.6
2003-03-06,4.58
2003-03-07,4.61
2003-03-10,4.62
2003-03-11,4.67
2003-03-12,5.02
2003-03-13,5.26
2003-03-14,5.24
2003-03-17,5.12
2003-03-18,4.98
2003-03-19,4.95
2003-03-20,4.82
2003-03-24,4.73
2003-03-25,4.7
2003-03-26,4.64
2003-03-27,4.59
2003-03-28,4.65
2003-03-31,4.6
2003-04-01,4.59
2003-04-02,4.58
2003-04-03,4.64
2003-04-04,4.6
2003-04-07,4.63
2003-04-08,4.64
2003-04-09,4.68
2003-04-10,4.63
2003-04-11,4.62
2003-04-14,4.61
2003-04-15,4.58
2003-04-16,5.0
2003-04-17,4.6
2003-04-18,4.63
2003-04-21,4.64
2003-04-23,4.59
2003-04-24,4.57
2003-04-25,4.57
2003-04-28,4.52
2003-04-29,4.5
2003-04-30,4.5
2003-05-02,4.43
2003-05-06,4.41
2003-05-07,4.38
2003-05-09,4.38
2003-05-12,4.39
2003-05-13,4.33
2003-05-14,4.25
2003-05-15,4.22
2003-05-16,4.21
2003-05-19,4.18
2003-05-20,4.2
2003-05-21,4.23
2003-05-23,4.27
2003-05-26,4.28
2003-05-27,4.24
2003-05-28,4.24
2003-05-29,4.11
2003-05-30,4.11
2003-06-02,4.11
2003-06-03,4.09
2003-06-04,4.1
2003-06-05,4.07
2003-06-09,4.07
2003-06-10,4.06
2003-06-11,4.01
2003-06-12,4.04
2003-06-13,4.09
2003-06-16,4.0
2003-06-17,3.93
2003-06-18,3.93
2003-06-19,3.95
2003-06-20,3.95
2003-06-23,4.06
2003-06-24,4.14
2003-06-25,4.07
2003-06-26,4.11
2003-06-27,4.09
2003-06-30,4.17
2003-07-01,4.12
2003-07-02,4.14
2003-07-03,4.09
2003-07-04,4.06
2003-07-07,4.2
2003-07-08,4.2
2003-07-09,4.29
2003-07-10,4.26
2003-07-11,4.25
2003-07-14,4.23
2003-07-15,4.31
2003-07-16,4.51
2003-07-18,4.47
2003-07-21,4.51
2003-07-22,4.47
2003-07-23,4.42
2003-07-24,4.44
2003-07-25,4.48
2003-07-28,4.49
2003-07-29,4.68
2003-07-30,4.68
2003-07-31,4.62
2003-08-01,4.59
2003-08-04,4.67
2003-08-05,4.66
2003-08-06,4.66
2003-08-07,4.63
2003-08-08,4.64
2003-08-11,4.59
2003-08-12,4.59
2003-08-13,4.63
2003-08-14,4.62
2003-08-18,4.68
2003-08-19,4.65
2003-08-20,4.62
2003-08-21,4.62
2003-08-22,4.64
2003-08-25,4.61
2003-08-26,4.57
2003-08-27,4.58
2003-08-28,4.51
2003-08-29,4.5
2003-09-01,4.5
2003-09-02,4.42
2003-09-03,4.39
2003-09-05,4.38
2003-09-08,4.3
2003-09-09,4.39
2003-09-15,4.3
2003-09-16,4.25
2003-09-17,4.27
2003-09-18,4.16
2003-09-19,4.12
2003-09-22,4.11
2003-09-23,4.11
2003-09-24,4.09
2003-09-25,4.08
2003-09-26,4.17
2003-09-29,4.15
2003-09-30,4.15
2003-10-01,4.0
2003-10-02,4.02
2003-10-07,4.03
2003-10-08,4.11
2003-10-09,4.1
2003-10-10,4.11
2003-10-13,4.16
2003-10-14,4.21
2003-10-15,4.22
2003-10-16,4.27
2003-10-17,4.32
2003-10-20,4.4
2003-10-21,4.4
2003-10-22,4.41
2003-10-23,4.43
2003-10-24,4.39
2003-10-27,4.39
2003-10-28,4.45
2003-10-29,4.45
2003-10-30,4.39
2003-10-31,4.51
2003-11-03,4.51
2003-11-04,4.63
2003-11-05,4.69
2003-11-06,4.69
2003-11-07,4.74
2003-11-10,4.77
2003-11-11,4.71
2003-11-12,4.68
2003-11-13,4.92
2003-11-14,4.94
2003-11-17,4.9
2003-11-18,4.98
2003-11-19,4.86
2003-11-20,4.86
2003-11-21,4.77
2003-11-24,4.74
2003-11-25,4.72
2003-11-26,4.66
2003-11-27,4.74
2003-11-28,4.85
2003-12-01,4.96
2003-12-02,5.0
2003-12-03,4.97
2003-12-04,5.04
2003-12-05,5.06
2003-12-08,4.88
2003-12-09,4.9
2003-12-10,4.9
2003-12-11,4.87
2003-12-12,4.82
2003-12-15,4.88
2003-12-16,4.87
2003-12-17,4.85
2003-12-18,4.81
2003-12-19,4.84
2003-12-22,4.79
2003-12-23,4.79
2003-12-24,4.79
2003-12-26,4.75
2003-12-29,4.73
2003-12-30,4.78
2003-12-31,4.82
2004-01-02,4.76
2004-01-05,4.85
2004-01-06,4.85
2004-01-07,4.88
2004-01-08,4.94
2004-01-09,4.95
2004-01-12,4.97
2004-01-13,4.83
2004-01-14,4.8
2004-01-15,4.79
2004-01-16,4.8
2004-01-19,4.92
2004-01-20,4.93
2004-01-26,4.97
2004-01-27,4.94
2004-01-28,4.9
2004-01-29,4.92
2004-01-30,4.93
2004-02-02,4.95
2004-02-03,4.95
2004-02-04,4.88
2004-02-05,4.89
2004-02-06,4.94
2004-02-09,4.86
2004-02-10,4.87
2004-02-11,4.89
2004-02-12,4.79
2004-02-13,4.79
2004-02-16,4.79
2004-02-17,4.79
2004-02-18,4.74
2004-02-19,4.76
2004-02-20,4.76
2004-02-23,4.74
2004-02-24,4.78
2004-02-25,4.77
2004-02-26,4.76
2004-02-27,4.77
2004-03-02,4.76
2004-03-03,4.76
2004-03-04,4.72
2004-03-05,4.78
2004-03-08,4.78
2004-03-09,4.68
2004-03-10,4.65
2004-03-11,4.61
2004-03-12,4.51
2004-03-15,4.58
2004-03-16,4.58
2004-03-17,4.57
2004-03-18,4.53
2004-03-19,4.53
2004-03-22,4.52
2004-03-23,4.4
2004-03-24,4.4
2004-03-25,4.39
2004-03-26,4.41
2004-03-29,4.56
2004-03-30,4.53
2004-03-31,4.49
2004-04-01,4.39
2004-04-02,4.41
2004-04-06,4.66
2004-04-07,4.63
2004-04-08,4.57
2004-04-09,4.55
2004-04-12,4.52
2004-04-13,4.54
2004-04-14,4.62
2004-04-16,4.64
2004-04-19,4.59
2004-04-20,4.59
2004-04-21,4.64
2004-04-22,4.59
2004-04-23,4.55
2004-04-26,4.57
2004-04-27,4.51
2004-04-28,4.5
2004-04-29,4.5
2004-04-30,4.49
2004-05-03,4.43
2004-05-04,4.47
2004-05-06,4.45
2004-05-07,4.42
2004-05-10,4.45
2004-05-11,4.41
2004-05-12,4.41
2004-05-13,4.4
2004-05-14,4.38
2004-05-17,4.39
2004-05-18,4.4
2004-05-19,4.4
2004-05-20,4.4
2004-05-21,4.43
2004-05-24,4.38
2004-05-25,4.37
2004-05-27,4.33
2004-05-28,4.22
2004-05-31,4.22
2004-06-01,4.24
2004-06-02,4.27
2004-06-03,4.19
2004-06-04,4.19
2004-06-07,4.19
2004-06-08,4.24
2004-06-09,4.26
2004-06-10,4.23
2004-06-11,4.22
2004-06-14,4.3
2004-06-15,4.33
2004-06-16,4.33
2004-06-17,4.28
2004-06-18,4.35
2004-06-21,4.39
2004-06-22,4.4
2004-06-23,4.33
2004-06-24,4.29
2004-06-25,4.31
2004-06-28,4.29
2004-06-29,4.28
2004-06-30,4.27
2004-07-01,4.23
2004-07-02,4.25
2004-07-05,4.2
2004-07-06,4.19
2004-07-07,4.19
2004-07-08,4.2
2004-07-09,4.23
2004-07-12,4.25
2004-07-13,4.24
2004-07-14,4.24
2004-07-15,4.21
2004-07-16,4.2
2004-07-19,4.21
2004-07-20,4.19
2004-07-21,4.21
2004-07-22,4.21
2004-07-23,4.19
2004-07-26,4.18
2004-07-27,4.14
2004-07-28,4.13
2004-07-29,4.11
2004-07-30,4.11
2004-08-02,4.07
2004-08-03,4.07
2004-08-04,4.05
2004-08-05,4.05
2004-08-06,4.05
2004-08-09,4.06
2004-08-10,4.04
2004-08-11,4.05
2004-08-12,4.02
2004-08-13,3.81
2004-08-16,3.74
2004-08-17,3.7
2004-08-18,3.69
2004-08-19,3.71
2004-08-20,3.7
2004-08-23,3.71
2004-08-24,3.72
2004-08-25,3.69
2004-08-26,3.62
2004-08-27,3.58
2004-08-30,3.56
2004-08-31,3.56
2004-09-01,3.6
2004-09-02,3.63
2004-09-03,3.62
2004-09-06,3.64
2004-09-07,3.64
2004-09-08,3.58
2004-09-09,3.62
2004-09-10,3.67
2004-09-13,3.64
2004-09-14,3.65
2004-09-15,3.6
2004-09-16,3.6
2004-09-17,3.55
2004-09-20,3.56
2004-09-21,3.52
2004-09-22,3.52
2004-09-23,3.53
2004-09-24,3.55
2004-09-30,3.56
2004-10-01,3.5
2004-10-04,3.44
2004-10-05,3.42
2004-10-06,3.42
2004-10-07,3.54
2004-10-08,3.68
2004-10-11,3.68
2004-10-12,3.64
2004-10-13,3.62
2004-10-14,3.55
2004-10-15,3.57
2004-10-18,3.57
2004-10-19,3.57
2004-10-20,3.56
2004-10-21,3.56
2004-10-22,3.54
2004-10-25,3.52
2004-10-26,3.52
2004-10-27,3.48
2004-10-28,3.48
2004-10-29,3.48
2004-11-01,3.41
2004-11-02,3.51
2004-11-03,3.52
2004-11-04,3.5
2004-11-05,3.54
2004-11-08,3.55
2004-11-09,3.54
2004-11-10,3.56
2004-11-11,3.34
2004-11-12,3.36
2004-11-15,3.4
2004-11-16,3.41
2004-11-17,3.39
2004-11-18,3.39
2004-11-19,3.39
2004-11-22,3.35
2004-11-23,3.33
2004-11-24,3.33
2004-11-25,3.32
2004-11-26,3.3
2004-11-29,3.3
2004-11-30,3.31
2004-12-01,3.29
2004-12-02,3.28
2004-12-03,3.29
2004-12-06,3.27
2004-12-07,3.28
2004-12-08,3.25
2004-12-09,3.3
2004-12-10,3.31
2004-12-13,3.31
2004-12-14,3.3
2004-12-15,3.27
2004-12-16,3.26
2004-12-17,3.26
2004-12-20,3.27
2004-12-21,3.27
2004-12-22,3.25
2004-12-23,3.26
2004-12-24,3.27
2004-12-27,3.27
2004-12-28,3.29
2004-12-29,3.28
2004-12-30,3.28
2004-12-31,3.27
2005-01-03,3.38
2005-01-04,3.35
2005-01-05,3.35
2005-01-06,3.37
2005-01-07,3.33
2005-01-10,3.35
2005-01-11,3.36
2005-01-12,3.45
2005-01-13,3.48
2005-01-14,3.71
2005-01-17,3.8
2005-01-18,3.68
2005-01-19,3.71
2005-01-20,3.64
2005-01-21,3.92
2005-01-24,3.93
2005-01-25,3.93
2005-01-26,3.9
2005-01-27,3.83
2005-01-28,3.84
2005-01-31,4.1
2005-02-01,4.05
2005-02-02,4.04
2005-02-03,4.0
2005-02-04,4.13
2005-02-07,4.15
2005-02-11,4.44
2005-02-14,4.42
2005-02-15,4.44
2005-02-16,4.3
2005-02-17,4.17
2005-02-18,4.22
2005-02-21,4.12
2005-02-22,4.14
2005-02-23,4.2
2005-02-24,4.23
2005-02-25,4.08
2005-02-28,4.16
2005-03-02,4.06
2005-03-03,4.12
2005-03-04,4.18
2005-03-07,4.17
2005-03-08,4.13
2005-03-09,4.15
2005-03-10,4.12
2005-03-11,4.08
2005-03-14,4.05
2005-03-15,4.0
2005-03-16,4.01
2005-03-17,3.99
2005-03-18,3.97
2005-03-21,3.97
2005-03-22,3.95
2005-03-23,4.01
2005-03-24,4.03
2005-03-25,4.13
2005-03-28,4.08
2005-03-29,3.98
2005-03-30,3.9
2005-03-31,3.9
2005-04-01,3.9
2005-04-04,3.92
2005-04-06,3.9
2005-04-07,3.88
2005-04-08,3.88
2005-04-11,3.88
2005-04-12,3.93
2005-04-13,3.93
2005-04-14,3.9
2005-04-15,3.9
2005-04-18,3.83
2005-04-19,3.83
2005-04-20,3.81
2005-04-21,3.79
2005-04-22,3.84
2005-04-25,3.82
2005-04-26,3.81
2005-04-27,3.8
2005-04-28,3.82
2005-04-29,3.76
2005-05-02,3.78
2005-05-03,3.76
2005-05-04,3.75
2005-05-06,3.77
2005-05-09,3.82
2005-05-10,3.77
2005-05-11,3.79
2005-05-12,3.75
2005-05-13,3.71
2005-05-16,3.69
2005-05-17,3.68
2005-05-18,3.7
2005-05-19,3.66
2005-05-20,3.66
2005-05-23,3.66
2005-05-24,3.66
2005-05-25,3.63
2005-05-26,3.61
2005-05-27,3.62
2005-05-30,3.68
2005-05-31,3.68
2005-06-01,3.67
2005-06-02,3.61
2005-06-03,3.61
2005-06-07,3.66
2005-06-08,3.64
2005-06-09,3.66
2005-06-10,3.67
2005-06-13,3.8
2005-06-14,3.78
2005-06-15,3.88
2005-06-16,3.88
2005-06-17,3.83
2005-06-20,3.84
2005-06-21,3.83
2005-06-22,3.84
2005-06-23,3.96
2005-06-24,3.91
2005-06-27,3.85
2005-06-28,3.82
2005-06-29,3.89
2005-06-30,3.96
2005-07-01,3.92
2005-07-04,4.04
2005-07-05,4.05
2005-07-06,4.03
2005-07-07,3.98
2005-07-08,4.05
2005-07-11,4.05
2005-07-12,4.07
2005-07-13,4.1
2005-07-14,4.21
2005-07-15,4.22
2005-07-18,4.19
2005-07-19,4.22
2005-07-20,4.2
2005-07-21,4.15
2005-07-22,4.07
2005-07-25,4.04
2005-07-26,4.05
2005-07-27,4.16
2005-07-28,4.17
2005-07-29,4.23
2005-08-01,4.35
2005-08-02,4.4
2005-08-03,4.36
2005-08-04,4.33
2005-08-05,4.34
2005-08-08,4.41
2005-08-09,4.44
2005-08-10,4.36
2005-08-11,4.35
2005-08-12,4.32
2005-08-16,4.3
2005-08-17,4.22
2005-08-18,4.28
2005-08-19,4.28
2005-08-22,4.23
2005-08-23,4.39
2005-08-24,4.42
2005-08-25,4.4
2005-08-26,4.39
2005-08-29,4.32
2005-08-30,4.27
2005-08-31,4.22
2005-09-01,4.16
2005-09-02,4.17
2005-09-05,4.11
2005-09-06,4.12
2005-09-07,4.12
2005-09-08,3.96
2005-09-09,4.54
2005-09-12,4.53
2005-09-13,4.55
2005-09-14,4.54
2005-09-15,4.55
2005-09-16,4.68
2005-09-20,4.69
2005-09-21,4.69
2005-09-22,4.64
2005-09-23,4.7
2005-09-26,4.78
2005-09-27,4.79
2005-09-28,4.74
2005-09-29,4.61
2005-09-30,4.61
2005-10-04,4.78
2005-10-05,4.72
2005-10-06,4.72
2005-10-07,4.61
2005-10-10,4.61
2005-10-11,4.64
2005-10-12,4.65
2005-10-13,4.72
2005-10-14,4.78
2005-10-17,4.78
2005-10-18,4.85
2005-10-19,4.81
2005-10-20,4.78
2005-10-21,4.87
2005-10-24,4.87
2005-10-25,4.91
2005-10-26,4.93
2005-10-27,4.95
2005-10-28,5.0
2005-10-31,4.96
2005-11-01,4.94
2005-11-02,4.9
2005-11-03,5.04
2005-11-04,5.04
2005-11-07,5.1
2005-11-08,5.1
2005-11-09,5.15
2005-11-10,5.15
2005-11-11,5.15
2005-11-14,5.2
2005-11-15,5.21
2005-11-16,5.21
2005-11-17,5.17
2005-11-18,5.12
2005-11-21,5.12
2005-11-22,5.11
2005-11-23,5.05
2005-11-24,5.06
2005-11-25,5.03
2005-11-28,5.0
2005-11-29,5.01
2005-11-30,5.08
2005-12-01,5.13
2005-12-02,5.16
2005-12-05,5.16
2005-12-06,5.23
2005-12-07,5.26
2005-12-08,5.07
2005-12-09,5.03
2005-12-12,5.06
2005-12-13,5.06
2005-12-14,4.99
2005-12-15,4.97
2005-12-16,4.97
2005-12-19,4.98
2005-12-20,4.95
2005-12-21,4.96
2005-12-22,4.97
2005-12-23,5.04
2005-12-26,5.03
2005-12-27,5.03
2005-12-28,5.03
2005-12-29,5.07
2005-12-30,5.09
2006-01-02,5.15
2006-01-03,5.16
2006-01-04,5.05
2006-01-05,5.11
2006-01-06,5.12
2006-01-09,5.06
2006-01-10,5.1
2006-01-11,5.11
2006-01-12,5.0
2006-01-13,4.98
2006-01-16,5.02
2006-01-17,5.05
2006-01-18,4.96
2006-01-19,4.97
2006-01-20,5.02
2006-01-23,5.0
2006-01-24,5.0
2006-01-25,4.96
2006-01-26,4.93
2006-01-27,4.92
2006-01-31,4.92
2006-02-01,4.89
2006-02-02,4.91
2006-02-03,4.94
2006-02-06,4.95
2006-02-07,4.93
2006-02-08,4.92
2006-02-09,4.86
2006-02-10,4.85
2006-02-13,4.85
2006-02-14,4.87
2006-02-15,4.8
2006-02-16,4.8
2006-02-17,4.82
2006-02-20,4.81
2006-02-21,4.83
2006-02-22,4.83
2006-02-23,4.8
2006-02-24,4.75
2006-02-27,4.85
2006-02-28,4.94
2006-03-02,4.89
2006-03-03,4.93
2006-03-06,4.98
2006-03-07,4.98
2006-03-08,5.0
2006-03-09,5.0
2006-03-10,4.88
2006-03-13,4.92
2006-03-14,4.91
2006-03-15,4.88
2006-03-16,4.91
2006-03-17,4.87
2006-03-20,4.89
2006-03-21,4.89
2006-03-22,4.95
2006-03-23,4.93
2006-03-24,4.94
2006-03-27,4.92
2006-03-28,4.95
2006-03-29,4.89
2006-03-30,4.89
2006-03-31,4.92
2006-04-03,4.98
2006-04-04,4.95
2006-04-05,4.98
2006-04-06,4.98
2006-04-07,4.97
2006-04-10,4.98
2006-04-11,4.92
2006-04-12,4.92
2006-04-13,5.01
2006-04-14,5.06
2006-04-17,5.03
2006-04-18,5.03
2006-04-19,4.97
2006-04-20,4.97
2006-04-21,4.98
2006-04-24,4.88
2006-04-25,4.88
2006-04-26,4.87
2006-04-27,4.88
2006-04-28,4.83
2006-05-02,4.81
2006-05-03,4.78
2006-05-04,4.83
2006-05-08,4.79
2006-05-09,4.79
2006-05-10,4.81
2006-05-11,4.74
2006-05-12,4.76
2006-05-15,4.79
2006-05-16,4.8
2006-05-17,4.8
2006-05-18,4.74
2006-05-19,4.71
2006-05-22,4.76
2006-05-23,4.73
2006-05-24,4.76
2006-05-25,4.75
2006-05-26,4.77
2006-05-29,4.74
2006-05-30,4.73
2006-06-01,4.71
2006-06-02,4.73
2006-06-05,4.72
2006-06-07,4.72
2006-06-08,4.74
2006-06-09,4.8
2006-06-12,4.84
2006-06-13,4.85
2006-06-14,4.85
2006-06-15,4.88
2006-06-16,4.89
2006-06-19,4.89
2006-06-20,4.94
2006-06-21,4.94
2006-06-22,4.96
2006-06-23,4.96
2006-06-26,5.02
2006-06-27,5.07
2006-06-28,5.03
2006-06-29,5.0
2006-06-30,4.94
2006-07-03,4.92
2006-07-04,4.9
2006-07-05,4.89
2006-07-06,4.84
2006-07-07,4.86
2006-07-10,4.91
2006-07-11,4.95
2006-07-12,4.94
2006-07-13,4.98
2006-07-14,4.92
2006-07-18,4.91
2006-07-19,4.89
2006-07-20,4.83
2006-07-21,4.85
2006-07-24,4.85
2006-07-25,4.88
2006-07-26,4.88
2006-07-27,4.88
2006-07-28,4.86
2006-07-31,4.83
2006-08-01,4.8
2006-08-02,4.79
2006-08-03,4.8
2006-08-04,4.79
2006-08-07,4.78
2006-08-08,4.78
2006-08-09,4.75
2006-08-10,4.8
2006-08-11,4.8
2006-08-14,4.81
2006-08-16,4.82
2006-08-17,4.76
2006-08-18,4.77
2006-08-21,4.8
2006-08-22,4.76
2006-08-23,4.77
2006-08-24,4.74
2006-08-25,4.77
2006-08-28,4.74
2006-08-29,4.74
2006-08-30,4.74
2006-08-31,4.76
2006-09-01,4.73
2006-09-04,4.71
2006-09-05,4.72
2006-09-06,4.76
2006-09-07,4.77
2006-09-08,4.75
2006-09-11,4.72
2006-09-12,4.72
2006-09-13,4.71
2006-09-14,4.71
2006-09-15,4.69
2006-09-18,4.71
2006-09-19,4.71
2006-09-20,4.66
2006-09-21,4.64
2006-09-22,4.61
2006-09-25,4.61
2006-09-26,4.61
2006-09-27,4.6
2006-09-28,4.6
2006-09-29,4.56
2006-10-02,4.59
2006-10-04,4.56
2006-10-09,4.58
2006-10-10,4.58
2006-10-11,4.61
2006-10-12,4.6
2006-10-13,4.62
2006-10-16,4.62
2006-10-17,4.6
2006-10-18,4.58
2006-10-19,4.59
2006-10-20,4.57
2006-10-23,4.57
2006-10-24,4.63
2006-10-25,4.67
2006-10-26,4.64
2006-10-27,4.66
2006-10-30,4.66
2006-10-31,4.7
2006-11-01,4.65
2006-11-02,4.62
2006-11-03,4.62
2006-11-06,4.72
2006-11-07,4.68
2006-11-08,4.78
2006-11-09,4.76
2006-11-10,4.7
2006-11-13,4.68
2006-11-14,4.73
2006-11-15,4.7
2006-11-16,4.71
2006-11-17,4.71
2006-11-20,4.7
2006-11-21,4.73
2006-11-22,4.72
2006-11-23,4.78
2006-11-24,4.76
2006-11-27,4.77
2006-11-28,4.78
2006-11-29,4.79
2006-11-30,4.81
2006-12-01,4.81
2006-12-04,4.81
2006-12-05,4.79
2006-12-06,4.76
2006-12-07,4.72
2006-12-08,4.73
2006-12-11,4.78
2006-12-12,4.76
2006-12-13,4.74
2006-12-14,4.8
2006-12-15,4.79
2006-12-18,4.79
2006-12-19,4.83
2006-12-20,4.82
2006-12-21,4.82
2006-12-22,4.83
2006-12-26,4.92
2006-12-27,4.92
2006-12-28,4.92
2006-12-29,4.92
2007-01-02,4.91
2007-01-03,4.93
2007-01-04,4.93
2007-01-05,4.91
2007-01-08,4.91
2007-01-09,4.9
2007-01-10,4.89
2007-01-11,4.89
2007-01-12,4.97
2007-01-15,4.98
2007-01-16,4.99
2007-01-17,4.99
2007-01-18,4.97
2007-01-19,4.97
2007-01-22,4.96
2007-01-23,4.97
2007-01-24,4.96
2007-01-25,5.02
2007-01-26,5.07
2007-01-29,5.05
2007-01-30,5.03
2007-01-31,5.01
2007-02-01,4.96
2007-02-02,4.96
2007-02-05,5.0
2007-02-06,4.97
2007-02-07,4.96
2007-02-08,4.93
2007-02-09,4.91
2007-02-12,4.93
2007-02-13,4.93
2007-02-14,4.93
2007-02-15,4.86
2007-02-16,4.85
2007-02-20,4.86
2007-02-21,4.86
2007-02-22,4.86
2007-02-23,4.85
2007-02-26,4.84
2007-02-27,4.86
2007-02-28,4.86
2007-03-02,4.85
2007-03-05,4.84
2007-03-06,4.83
2007-03-07,4.82
2007-03-08,4.81
2007-03-09,4.81
2007-03-12,4.82
2007-03-13,4.81
2007-03-14,4.82
2007-03-15,4.82
2007-03-16,4.81
2007-03-19,4.78
2007-03-20,4.81
2007-03-21,4.8
2007-03-22,4.76
2007-03-23,4.76
2007-03-26,4.75
2007-03-27,4.76
2007-03-28,4.76
2007-03-29,4.74
2007-03-30,4.74
2007-04-02,4.78
2007-04-03,4.81
2007-04-04,4.83
2007-04-05,4.82
2007-04-06,4.84
2007-04-09,4.92
2007-04-10,4.91
2007-04-11,4.93
2007-04-12,4.98
2007-04-13,4.98
2007-04-16,4.97
2007-04-17,4.97
2007-04-18,4.94
2007-04-19,4.93
2007-04-20,5.02
2007-04-23,5.0
2007-04-24,4.99
2007-04-25,4.99
2007-04-26,5.0
2007-04-27,5.04
2007-04-30,5.05
2007-05-02,5.03
2007-05-03,4.99
2007-05-04,4.99
2007-05-07,4.99
2007-05-08,5.04
2007-05-09,5.06
2007-05-10,5.06
2007-05-11,5.07
2007-05-14,5.06
2007-05-15,5.09
2007-05-16,5.07
2007-05-17,5.08
2007-05-18,5.16
2007-05-21,5.15
2007-05-22,5.16
2007-05-23,5.17
2007-05-25,5.16
2007-05-28,5.16
2007-05-29,5.16
2007-05-30,5.18
2007-05-31,5.18
2007-06-01,5.15
2007-06-04,5.14
2007-06-05,5.14
2007-06-07,5.14
2007-06-08,5.14
2007-06-11,5.24
2007-06-12,5.26
2007-06-13,5.26
2007-06-14,5.26
2007-06-15,5.25
2007-06-18,5.25
2007-06-19,5.23
2007-06-20,5.24
2007-06-21,5.3
2007-06-22,5.25
2007-06-25,5.25
2007-06-26,5.25
2007-06-27,5.25
2007-06-28,5.22
2007-06-29,5.27
2007-07-02,5.25
2007-07-03,5.3
2007-07-04,5.32
2007-07-05,5.32
2007-07-06,5.36
2007-07-09,5.36
2007-07-10,5.34
2007-07-11,5.32
2007-07-12,5.34
2007-07-13,5.34
2007-07-16,5.34
2007-07-18,5.42
2007-07-19,5.42
2007-07-20,5.4
2007-07-23,5.41
2007-07-24,5.39
2007-07-25,5.35
2007-07-26,5.36
2007-07-27,5.25
2007-07-30,5.26
2007-07-31,5.22
2007-08-01,5.18
2007-08-02,5.17
2007-08-03,5.19
2007-08-06,5.15
2007-08-07,5.16
2007-08-08,5.28
2007-08-09,5.32
2007-08-10,5.31
2007-08-13,5.3
2007-08-14,5.3
2007-08-16,5.23
2007-08-17,5.23
2007-08-20,5.25
2007-08-21,5.25
2007-08-22,5.25
2007-08-23,5.29
2007-08-24,5.27
2007-08-27,5.33
2007-08-28,5.31
2007-08-29,5.35
2007-08-30,5.38
2007-08-31,5.42
2007-09-03,5.42
2007-09-04,5.44
2007-09-05,5.42
2007-09-06,5.42
2007-09-07,5.37
2007-09-10,5.34
2007-09-11,5.36
2007-09-12,5.35
2007-09-13,5.33
2007-09-14,5.36
2007-09-17,5.35
2007-09-18,5.38
2007-09-19,5.34
2007-09-20,5.36
2007-09-21,5.45
2007-09-27,5.45
2007-09-28,5.47
2007-10-01,5.47
2007-10-02,5.47
2007-10-04,5.46
2007-10-05,5.41
2007-10-08,5.42
2007-10-09,5.44
2007-10-10,5.47
2007-10-11,5.44
2007-10-12,5.49
2007-10-15,5.51
2007-10-16,5.49
2007-10-17,5.47
2007-10-18,5.43
2007-10-19,5.43
2007-10-22,5.4
2007-10-23,5.36
2007-10-24,5.34
2007-10-25,5.31
2007-10-26,5.36
2007-10-29,5.37
2007-10-30,5.41
2007-10-31,5.43
2007-11-01,5.43
2007-11-02,5.47
2007-11-05,5.43
2007-11-06,5.43
2007-11-07,5.43
2007-11-08,5.41
2007-11-09,5.31
2007-11-12,5.34
2007-11-13,5.36
2007-11-14,5.39
2007-11-15,5.39
2007-11-16,5.46
2007-11-19,5.41
2007-11-20,5.55
2007-11-21,5.56
2007-11-22,5.64
2007-11-23,5.66
2007-11-26,5.61
2007-11-27,5.69
2007-11-28,5.72
2007-11-29,5.89
2007-11-30,5.81
2007-12-03,5.76
2007-12-04,5.8
2007-12-05,5.82
2007-12-06,5.82
2007-12-07,6.07
2007-12-10,6.06
2007-12-11,6.06
2007-12-12,6.0
2007-12-13,5.93
2007-12-14,5.92
2007-12-17,5.92
2007-12-18,5.92
2007-12-20,5.92
2007-12-21,5.82
2007-12-24,5.82
2007-12-26,5.78
2007-12-27,5.79
2007-12-28,5.79
2007-12-31,5.79
2008-01-01,5.79
2008-01-02,5.78
2008-01-03,5.87
2008-01-04,5.87
2008-01-07,5.83
2008-01-08,5.91
2008-01-09,5.85
2008-01-10,5.8
2008-01-11,5.62
2008-01-14,5.5
2008-01-15,5.53
2008-01-16,5.39
2008-01-17,5.41
2008-01-18,5.36
2008-01-21,5.28
2008-01-22,5.32
2008-01-23,5.07
2008-01-24,5.07
2008-01-25,5.19
2008-01-28,5.2
2008-01-29,5.07
2008-01-30,5.08
2008-01-31,5.04
2008-02-01,5.04
2008-02-04,5.08
2008-02-05,5.11
2008-02-11,5.13
2008-02-12,5.11
2008-02-13,5.08
2008-02-14,5.02
2008-02-15,5.01
2008-02-18,5.01
2008-02-19,5.04
2008-02-20,5.04
2008-02-21,5.05
2008-02-22,5.04
2008-02-25,5.07
2008-02-26,5.1
2008-02-27,5.06
2008-02-28,5.02
2008-02-29,4.96
2008-03-03,4.91
2008-03-04,4.93
2008-03-05,4.91
2008-03-06,4.96
2008-03-07,4.98
2008-03-10,5.09
2008-03-11,5.18
2008-03-12,5.16
2008-03-13,5.21
2008-03-14,5.26
2008-03-17,5.34
2008-03-18,5.35
2008-03-19,5.25
2008-03-20,5.2
2008-03-21,5.16
2008-03-24,5.24
2008-03-25,5.27
2008-03-26,5.23
2008-03-27,5.28
2008-03-28,5.18
2008-03-31,5.1
2008-04-01,5.08
2008-04-02,5.11
2008-04-03,5.14
2008-04-04,5.13
2008-04-07,5.05
2008-04-08,5.09
2008-04-10,4.91
2008-04-11,4.91
2008-04-14,4.91
2008-04-15,4.95
2008-04-16,4.93
2008-04-17,4.93
2008-04-18,4.97
2008-04-21,4.99
2008-04-22,4.95
2008-04-23,4.95
2008-04-24,4.91
2008-04-25,4.93
2008-04-28,4.92
2008-04-29,4.91
2008-04-30,4.91
2008-05-02,4.89
2008-05-06,4.92
2008-05-07,4.94
2008-05-08,5.21
2008-05-09,5.28
2008-05-13,5.26
2008-05-14,5.27
2008-05-15,5.25
2008-05-16,5.32
2008-05-19,5.4
2008-05-20,5.34
2008-05-21,5.39
2008-05-22,5.38
2008-05-23,5.34
2008-05-26,5.41
2008-05-27,5.39
2008-05-28,5.33
2008-05-29,5.41
2008-05-30,5.46
2008-06-02,5.51
2008-06-03,5.49
2008-06-04,5.46
2008-06-05,5.45
2008-06-09,5.53
2008-06-11,5.76
2008-06-12,5.74
2008-06-13,5.74
2008-06-16,5.7
2008-06-17,5.63
2008-06-18,5.66
2008-06-19,5.64
2008-06-20,5.7
2008-06-23,5.8
2008-06-25,5.83
2008-06-26,5.73
2008-06-27,5.76
2008-06-30,5.9
2008-07-01,5.87
2008-07-02,5.83
2008-07-04,6.06
2008-07-07,6.06
2008-07-09,6.0
2008-07-10,6.03
2008-07-11,6.14
2008-07-14,6.17
2008-07-15,6.14
2008-07-16,6.14
2008-07-17,6.07
2008-07-18,5.99
2008-07-21,6.06
2008-07-23,6.05
2008-07-24,5.84
2008-07-25,5.76
2008-07-28,5.85
2008-07-29,5.8
2008-07-30,5.74
2008-07-31,5.85
2008-08-01,5.72
2008-08-04,5.77
2008-08-05,5.78
2008-08-06,5.66
2008-08-07,5.72
2008-08-08,5.67
2008-08-11,5.76
2008-08-12,5.76
2008-08-13,5.77
2008-08-14,5.81
2008-08-18,5.87
2008-08-19,5.81
2008-08-20,5.73
2008-08-21,5.71
2008-08-22,5.76
2008-08-25,5.83
2008-08-26,5.88
2008-08-27,5.84
2008-08-28,5.74
2008-08-29,5.76
2008-09-01,5.89
2008-09-02,5.97
2008-09-03,5.92
2008-09-04,5.83
2008-09-05,5.8
2008-09-08,5.81
2008-09-09,5.76
2008-09-10,5.74
2008-09-11,5.72
2008-09-12,5.64
2008-09-16,5.49
2008-09-17,5.6
2008-09-18,5.92
2008-09-19,5.76
2008-09-22,5.8
2008-09-23,5.9
2008-09-24,5.83
2008-09-25,5.94
2008-09-26,5.92
2008-09-29,6.01
2008-09-30,5.83
2008-10-01,5.75
2008-10-02,5.74
2008-10-06,5.77
2008-10-07,5.6
2008-10-08,5.56
2008-10-09,5.29
2008-10-10,5.33
2008-10-13,5.3
2008-10-14,5.27
2008-10-15,5.18
2008-10-16,5.2
2008-10-17,5.17
2008-10-20,5.0
2008-10-21,5.03
2008-10-22,4.8
2008-10-23,4.8
2008-10-24,4.83
2008-10-27,4.54
2008-10-28,4.52
2008-10-29,4.51
2008-10-30,4.45
2008-10-31,4.39
2008-11-03,4.71
2008-11-04,4.705
2008-11-05,4.6
2008-11-06,4.53
2008-11-07,4.72
2008-11-10,4.65
2008-11-11,4.94
2008-11-12,4.9
2008-11-13,4.94
2008-11-14,5.17
2008-11-17,5.36
2008-11-18,5.22
2008-11-19,5.27
2008-11-20,5.15
2008-11-21,4.99
2008-11-24,5.02
2008-11-25,5.0
2008-11-26,4.93
2008-11-27,4.88
2008-11-28,4.875
2008-12-01,4.695
2008-12-02,4.45
2008-12-03,4.45
2008-12-04,4.25
2008-12-05,4.17
2008-12-08,4.23
2008-12-09,4.22
2008-12-10,4.15
2008-12-11,4.0
2008-12-12,3.95
2008-12-15,3.95
2008-12-16,3.9
2008-12-17,3.74
2008-12-18,3.89
2008-12-22,3.84
2008-12-23,3.82
2008-12-24,3.82
2008-12-30,3.52
2009-01-05,3.38
2009-01-06,3.34
2009-01-07,3.46
2009-01-08,3.33
2009-01-09,3.31
2009-01-12,3.52
2009-01-13,3.46
2009-01-14,3.44
2009-01-15,3.91
2009-01-16,3.57
2009-01-19,3.4
2009-01-20,3.45
2009-01-21,3.405
2009-01-22,3.4
2009-01-23,3.39
2009-01-28,3.36
2009-01-29,3.42
2009-01-30,3.46
2009-02-02,3.76
2009-02-03,3.76
2009-02-04,3.65
2009-02-05,3.67
2009-02-06,3.735
2009-02-09,3.77
2009-02-10,3.69
2009-02-11,3.66
2009-02-12,3.67
2009-02-13,3.67
2009-02-16,3.61
2009-02-17,3.79
2009-02-18,3.97
2009-02-19,3.76
2009-02-20,3.75
2009-02-23,3.87
2009-02-24,3.88
2009-02-25,3.86
2009-02-26,3.88
2009-02-27,3.86
2009-03-02,3.87
2009-03-03,3.81
2009-03-04,3.74
2009-03-05,3.68
2009-03-06,3.66
2009-03-09,3.65
2009-03-10,3.63
2009-03-11,3.69
2009-03-12,3.7
2009-03-13,3.61
2009-03-16,3.73
2009-03-17,3.74
2009-03-18,3.55
2009-03-19,3.5
2009-03-20,3.49
2009-03-23,3.56
2009-03-24,3.64
2009-03-25,3.61
2009-03-26,3.64
2009-03-27,3.72
2009-03-30,3.79
2009-03-31,3.82
2009-04-01,3.89
2009-04-02,3.825
2009-04-03,3.93
2009-04-06,3.97
2009-04-07,3.95
2009-04-08,3.94
2009-04-09,3.9
2009-04-10,3.88
2009-04-13,3.89
2009-04-14,3.87
2009-04-15,3.75
2009-04-16,3.75
2009-04-17,3.8
2009-04-20,3.71
2009-04-21,3.71
2009-04-22,3.61
2009-04-23,3.72
2009-04-24,3.63
2009-04-27,3.57
2009-04-28,3.52
2009-04-29,3.51
2009-04-30,3.52
2009-05-04,3.59
2009-05-06,3.73
2009-05-07,3.8
2009-05-08,3.9
2009-05-11,3.885
2009-05-12,3.855
2009-05-13,3.84
2009-05-14,3.75
2009-05-15,3.79
2009-05-18,3.76
2009-05-19,3.81
2009-05-20,3.87
2009-05-21,3.855
2009-05-22,3.92
2009-05-25,3.86
2009-05-26,3.79
2009-05-27,3.83
2009-05-28,3.86
2009-05-29,3.88
2009-06-01,3.815
2009-06-02,3.97
2009-06-03,3.91
2009-06-04,3.88
2009-06-05,3.91
2009-06-08,3.97
2009-06-09,4.06
2009-06-10,4.01
2009-06-11,4.18
2009-06-12,4.16
2009-06-15,4.26
2009-06-16,4.25
2009-06-17,4.225
2009-06-18,4.21
2009-06-19,4.2
2009-06-22,4.18
2009-06-24,4.08
2009-06-25,4.17
2009-06-26,4.125
2009-06-29,4.11
2009-06-30,4.105
2009-07-01,4.07
2009-07-02,4.06
2009-07-03,4.03
2009-07-06,4.08
2009-07-07,4.08
2009-07-08,4.11
2009-07-09,4.03
2009-07-10,3.99
2009-07-13,3.95
2009-07-14,3.955
2009-07-15,3.95
2009-07-16,3.99
2009-07-17,4.12
2009-07-20,4.19
2009-07-21,4.17
2009-07-22,4.17
2009-07-23,4.2
2009-07-24,4.16
2009-07-27,4.185
2009-07-28,4.165
2009-07-29,4.21
2009-07-30,4.14
2009-07-31,4.205
2009-08-03,4.3
2009-08-04,4.37
2009-08-05,4.43
2009-08-06,4.47
2009-08-07,4.42
2009-08-10,4.46
2009-08-11,4.47
2009-08-12,4.375
2009-08-13,4.5
2009-08-14,4.6
2009-08-17,4.48
2009-08-18,4.45
2009-08-19,4.405
2009-08-20,4.41
2009-08-21,4.34
2009-08-24,4.38
2009-08-25,4.33
2009-08-26,4.35
2009-08-27,4.305
2009-08-28,4.345
2009-08-31,4.36
2009-09-01,4.375
2009-09-02,4.34
2009-09-03,4.28
2009-09-04,4.3
2009-09-07,4.335
2009-09-08,4.32
2009-09-09,4.31
2009-09-10,4.29
2009-09-11,4.52
2009-09-14,4.49
2009-09-15,4.49
2009-09-16,4.405
2009-09-17,4.32
2009-09-18,4.4
2009-09-21,4.37
2009-09-22,4.42
2009-09-23,4.44
2009-09-24,4.37
2009-09-25,4.4
2009-09-28,4.435
2009-09-29,4.46
2009-09-30,4.383
2009-10-01,4.37
2009-10-05,4.34
2009-10-06,4.44
2009-10-07,4.46
2009-10-08,4.51
2009-10-09,4.36
2009-10-12,4.39
2009-10-13,4.37
2009-10-14,4.39
2009-10-15,4.415
2009-10-16,4.48
2009-10-19,4.54
2009-10-20,4.555
2009-10-21,4.555
2009-10-22,4.51
2009-10-23,4.575
2009-10-26,4.655
2009-10-27,4.53
2009-10-28,4.5
2009-10-29,4.42
2009-10-30,4.45
2009-11-02,4.41
2009-11-03,4.42
2009-11-04,4.43
2009-11-05,4.48
2009-11-06,4.48
2009-11-09,4.495
2009-11-10,4.48
2009-11-11,4.425
2009-11-12,4.4
2009-11-13,4.3
2009-11-16,4.29
2009-11-17,4.235
2009-11-18,4.26
2009-11-19,4.25
2009-11-20,4.24
2009-11-23,4.32
2009-11-24,4.3
2009-11-25,4.3
2009-11-26,4.2
2009-11-27,4.205
2009-11-30,4.055
2009-12-01,4.05
2009-12-02,4.13
2009-12-03,4.09
2009-12-04,4.19
2009-12-07,4.24
2009-12-08,4.215
2009-12-09,4.16
2009-12-10,4.31
2009-12-11,4.245
2009-12-14,4.23
2009-12-15,4.2
2009-12-16,4.19
2009-12-17,4.26
2009-12-18,4.25
2009-12-21,4.195
2009-12-22,4.3
2009-12-23,4.3
2009-12-24,4.31
2009-12-28,4.38
2009-12-29,4.37
2009-12-30,4.43
2010-01-04,4.44
2010-01-05,4.4
2010-01-06,4.44
2010-01-07,4.4
2010-01-08,4.32
2010-01-11,4.27
2010-01-12,4.25
2010-01-13,4.255
2010-01-14,4.225
2010-01-15,4.22
2010-01-18,4.24
2010-01-19,4.26
2010-01-20,4.26
2010-01-21,4.25
2010-01-22,4.23
2010-01-25,4.26
2010-01-26,4.26
2010-01-27,4.2330000000000005
2010-01-28,4.3
2010-01-29,4.315
2010-02-01,4.3
2010-02-02,4.28
2010-02-03,4.27
2010-02-04,4.28
2010-02-05,4.225
2010-02-08,4.23
2010-02-09,4.24
2010-02-10,4.23
2010-02-11,4.17
2010-02-12,4.11
2010-02-16,4.12
2010-02-17,4.12
2010-02-18,4.115
2010-02-19,4.11
2010-02-22,4.18
2010-02-23,4.18
2010-02-24,4.14
2010-02-25,4.14
2010-02-26,4.11
2010-03-02,4.1
2010-03-03,4.085
2010-03-04,4.07
2010-03-05,4.1
2010-03-08,4.08
2010-03-09,4.09
2010-03-10,4.08
2010-03-11,3.97
2010-03-12,3.93
2010-03-15,3.94
2010-03-16,3.91
2010-03-17,3.79
2010-03-18,3.82
2010-03-19,3.77
2010-03-22,3.77
2010-03-23,3.9
2010-03-24,3.96
2010-03-25,3.83
2010-03-26,3.81
2010-03-29,3.81
2010-03-30,3.92
2010-03-31,3.895
2010-04-01,3.895
2010-04-02,3.855
2010-04-05,3.84
2010-04-06,3.845
2010-04-07,3.82
2010-04-08,3.81
2010-04-09,3.75
2010-04-12,3.83
2010-04-13,3.83
2010-04-14,3.87
2010-04-15,3.88
2010-04-16,3.855
2010-04-19,3.79
2010-04-20,3.765
2010-04-21,3.765
2010-04-22,3.78
2010-04-23,3.76
2010-04-26,3.77
2010-04-27,3.71
2010-04-28,3.62
2010-04-29,3.63
2010-04-30,3.63
2010-05-03,3.66
2010-05-04,3.645
2010-05-06,3.71
2010-05-07,3.79
2010-05-10,3.72
2010-05-11,3.655
2010-05-12,3.73
2010-05-13,3.78
2010-05-14,3.77
2010-05-17,3.77
2010-05-18,3.765
2010-05-19,3.765
2010-05-20,3.72
2010-05-24,3.7
2010-05-25,3.64
2010-05-26,3.6
2010-05-27,3.6
2010-05-28,3.61
2010-05-31,3.58
2010-06-01,3.57
2010-06-03,3.58
2010-06-04,3.67
2010-06-07,3.64
2010-06-08,3.6
2010-06-09,3.625
2010-06-10,3.64
2010-06-11,3.68
2010-06-14,3.7
2010-06-15,3.72
2010-06-16,3.76
2010-06-17,3.7
2010-06-18,3.72
2010-06-21,3.88
2010-06-22,3.9
2010-06-23,3.87
2010-06-24,3.915
2010-06-25,3.91
2010-06-28,3.91
2010-06-29,3.87
2010-06-30,3.865
2010-07-01,3.82
2010-07-02,3.81
2010-07-05,3.85
2010-07-06,3.84
2010-07-07,3.885
2010-07-08,3.88
2010-07-09,3.98
2010-07-12,3.96
2010-07-13,3.97
2010-07-14,3.975
2010-07-15,3.975
2010-07-16,3.925
2010-07-19,3.92
2010-07-20,3.92
2010-07-21,3.88
2010-07-22,3.82
2010-07-23,3.86
2010-07-26,3.88
2010-07-27,3.86
2010-07-28,3.86
2010-07-29,3.81
2010-07-30,3.815
2010-08-02,3.82
2010-08-03,3.865
2010-08-04,3.835
2010-08-05,3.87
2010-08-06,3.89
2010-08-09,3.92
2010-08-10,3.92
2010-08-11,3.84
2010-08-12,3.78
2010-08-13,3.72
2010-08-16,3.745
2010-08-17,3.765
2010-08-18,3.73
2010-08-19,3.65
2010-08-20,3.645
2010-08-23,3.615
2010-08-24,3.61
2010-08-25,3.58
2010-08-26,3.54
2010-08-27,3.54
2010-08-30,3.545
2010-08-31,3.55
2010-09-01,3.655
2010-09-02,3.605
2010-09-03,3.65
2010-09-06,3.68
2010-09-07,3.64
2010-09-08,3.61
2010-09-09,3.61
2010-09-10,3.4
2010-09-13,3.43
2010-09-14,3.4
2010-09-15,3.385
2010-09-16,3.385
2010-09-17,3.395
2010-09-20,3.47
2010-09-24,3.39
2010-09-27,3.41
2010-09-28,
2010-09-29,3.365
2010-09-30,3.35
2010-10-01,3.285
2010-10-04,3.265
2010-10-05,3.28
2010-10-06,3.3
2010-10-07,3.28
2010-10-08,3.3
2010-10-11,3.31
2010-10-12,3.29
2010-10-13,3.28
2010-10-14,3.26
2010-10-15,3.04
2010-10-18,3.04
2010-10-19,3.05
2010-10-20,3.27
2010-10-21,3.255
2010-10-22,3.23
2010-10-25,3.25
2010-10-26,3.26
2010-10-27,3.29
2010-10-28,3.25
2010-10-29,3.23
2010-11-01,3.36
2010-11-02,3.39
2010-11-03,3.4
2010-11-04,3.44
2010-11-05,3.44
2010-11-08,3.62
2010-11-09,3.52
2010-11-10,3.57
2010-11-11,3.5
2010-11-12,3.48
2010-11-15,3.551
2010-11-16,3.38
2010-11-17,3.34
2010-11-18,3.33
2010-11-19,3.34
2010-11-22,3.35
2010-11-23,3.445
2010-11-24,3.34
2010-11-25,3.3
2010-11-26,3.3
2010-11-29,3.29
2010-11-30,3.19
2010-12-01,3.21
2010-12-02,3.18
2010-12-03,3.125
2010-12-06,3.125
2010-12-07,3.04
2010-12-08,2.9
2010-12-09,3.2
2010-12-13,3.18
2010-12-14,3.31
2010-12-15,3.45
2010-12-16,3.33
2010-12-17,3.35
2010-12-20,3.34
2010-12-21,3.24
2010-12-22,3.19
2010-12-23,3.26
2010-12-24,3.27
2010-12-27,3.33
2010-12-28,3.34
2010-12-29,3.36
2010-12-30,3.38
2010-12-31,3.38
2011-01-03,3.44
2011-01-04,3.495
2011-01-05,3.495
2011-01-06,3.58
2011-01-07,3.6
2011-01-10,3.59
2011-01-11,3.62
2011-01-12,3.53
2011-01-13,3.52
2011-01-14,3.69
2011-01-17,3.71
2011-01-18,3.7
2011-01-19,3.68
2011-01-20,3.79
2011-01-21,3.81
2011-01-24,3.82
2011-01-25,3.89
2011-01-26,3.88
2011-01-27,3.88
2011-01-28,3.85
2011-01-31,3.97
2011-02-01,3.97
2011-02-07,4.08
2011-02-08,4.06
2011-02-09,4.07
2011-02-10,4.0
2011-02-11,3.91
2011-02-14,3.965
2011-02-15,3.95
2011-02-16,3.925
2011-02-17,3.96
2011-02-18,3.935
2011-02-21,3.96
2011-02-22,3.94
2011-02-23,3.83
2011-02-24,3.875
2011-02-25,3.84
2011-02-28,3.81
2011-03-02,3.83
2011-03-03,3.94
2011-03-04,3.96
2011-03-07,3.94
2011-03-08,3.89
2011-03-09,3.86
2011-03-10,3.72
2011-03-11,3.69
2011-03-14,3.64
2011-03-15,3.53
2011-03-16,3.59
2011-03-17,3.66
2011-03-18,3.66
2011-03-21,3.71
2011-03-22,3.695
2011-03-23,3.7
2011-03-24,3.65
2011-03-25,3.71
2011-03-28,3.73
2011-03-29,3.7
2011-03-30,3.76
2011-03-31,3.71
2011-04-01,3.73
2011-04-04,3.675
2011-04-05,3.66
2011-04-06,3.74
2011-04-07,3.69
2011-04-08,3.69
2011-04-11,3.83
2011-04-12,3.72
2011-04-13,3.7
2011-04-14,3.74
2011-04-15,3.745
2011-04-18,3.7
2011-04-19,3.7
2011-04-20,3.75
2011-04-21,3.78
2011-04-22,3.8
2011-04-25,3.85
2011-04-26,3.8
2011-04-27,3.835
2011-04-28,3.805
2011-04-29,3.77
2011-05-02,3.77
2011-05-03,3.76
2011-05-04,3.795
2011-05-06,3.75
2011-05-09,3.76
2011-05-11,3.74
2011-05-12,3.7
2011-05-13,3.695
2011-05-16,3.61
2011-05-17,3.62
2011-05-18,3.62
2011-05-19,3.635
2011-05-20,3.62
2011-05-23,3.62
2011-05-24,3.595
2011-05-25,3.61
2011-05-26,3.62
2011-05-27,3.59
2011-05-30,3.59
2011-05-31,3.55
2011-06-01,3.59
2011-06-02,3.54
2011-06-03,3.575
2011-06-07,3.52
2011-06-08,3.53
2011-06-09,3.51
2011-06-10,3.58
2011-06-13,3.67
2011-06-14,3.705
2011-06-15,3.695
2011-06-16,3.61
2011-06-17,3.62
2011-06-20,3.7
2011-06-21,3.67
2011-06-22,3.68
2011-06-23,3.685
2011-06-24,3.71
2011-06-27,3.73
2011-06-28,3.73
2011-06-29,3.77
2011-06-30,3.79
2011-07-01,3.765
2011-07-04,3.775
2011-07-05,3.77
2011-07-06,3.77
2011-07-07,3.79
2011-07-08,3.8
2011-07-11,3.81
2011-07-12,3.7
2011-07-13,3.71
2011-07-14,3.71
2011-07-15,3.735
2011-07-18,3.68
2011-07-19,3.7
2011-07-20,3.7
2011-07-21,3.76
2011-07-22,3.8
2011-07-25,3.82
2011-07-26,3.82
2011-07-27,3.82
2011-07-28,3.81
2011-07-29,3.855
2011-08-01,3.89
2011-08-02,3.86
2011-08-03,3.82
2011-08-04,3.745
2011-08-05,3.76
2011-08-08,3.61
2011-08-09,3.52
2011-08-10,3.42
2011-08-11,3.51
2011-08-12,3.51
2011-08-16,3.525
2011-08-17,3.5
2011-08-18,3.53
2011-08-19,3.5
2011-08-22,3.49
2011-08-23,3.51
2011-08-24,3.47
2011-08-25,3.46
2011-08-26,3.49
2011-08-29,3.48
2011-08-30,3.53
2011-08-31,3.485
2011-09-01,3.45
2011-09-02,3.445
2011-09-05,3.36
2011-09-06,3.36
2011-09-07,3.445
2011-09-08,3.45
2011-09-09,3.38
2011-09-14,3.315
2011-09-15,3.375
2011-09-16,3.395
2011-09-19,3.41
2011-09-20,3.52
2011-09-21,3.49
2011-09-22,3.5
2011-09-23,3.455
2011-09-26,3.44
2011-09-27,3.45
2011-09-28,3.52
2011-09-29,3.51
2011-09-30,3.5
2011-10-04,3.52
2011-10-05,3.5
2011-10-06,3.41
2011-10-07,3.4
2011-10-10,3.465
2011-10-11,3.465
2011-10-12,3.41
2011-10-13,3.39
2011-10-14,3.375
2011-10-17,3.47
2011-10-18,3.43
2011-10-19,3.46
2011-10-20,3.42
2011-10-21,3.49
2011-10-24,3.53
2011-10-25,3.53
2011-10-26,3.5
2011-10-27,3.54
2011-10-28,3.53
2011-10-31,3.515
2011-11-01,3.465
2011-11-02,3.475
2011-11-03,3.435
2011-11-04,3.435
2011-11-07,3.4
2011-11-08,3.395
2011-11-09,3.39
2011-11-10,3.32
2011-11-11,3.36
2011-11-14,3.39
2011-11-15,3.35
2011-11-16,3.34
2011-11-17,3.35
2011-11-18,3.345
2011-11-21,3.37
2011-11-22,3.395
2011-11-23,3.37
2011-11-24,3.39
2011-11-25,3.43
2011-11-28,3.44
2011-11-29,3.42
2011-11-30,3.358
2011-12-01,3.39
2011-12-02,3.38
2011-12-05,3.38
2011-12-06,3.355
2011-12-07,3.34
2011-12-08,3.38
2011-12-09,3.35
2011-12-12,3.36
2011-12-13,3.36
2011-12-14,3.34
2011-12-15,3.32
2011-12-16,3.32
2011-12-19,3.37
2011-12-20,3.38
2011-12-21,3.38
2011-12-22,3.34
2011-12-23,3.36
2011-12-26,3.38
2011-12-27,3.39
2011-12-28,3.39
2011-12-29,3.31
2011-12-30,3.32
2012-01-02,3.34
2012-01-03,3.36
2012-01-04,3.36
2012-01-05,3.34
2012-01-06,3.35
2012-01-09,3.373
2012-01-10,3.385
2012-01-11,3.38
2012-01-12,3.37
2012-01-13,3.36
2012-01-16,3.345
2012-01-17,3.36
2012-01-18,3.36
2012-01-19,3.36
2012-01-20,3.4
2012-01-25,3.42
2012-01-26,3.4
2012-01-27,3.38
2012-01-30,3.36
2012-01-31,3.375
2012-02-01,3.38
2012-02-02,3.38
2012-02-03,3.38
2012-02-06,3.39
2012-02-07,3.41
2012-02-08,3.44
2012-02-09,3.45
2012-02-10,3.455
2012-02-13,3.44
2012-02-14,3.445
2012-02-15,3.445
2012-02-16,3.375
2012-02-17,3.455
2012-02-20,3.47
2012-02-21,3.46
2012-02-22,3.45
2012-02-23,3.47
2012-02-24,3.45
2012-02-27,3.45
2012-02-28,3.43
2012-02-29,3.43
2012-03-02,3.485
2012-03-05,3.49
2012-03-06,3.5
2012-03-07,3.495
2012-03-08,3.48
2012-03-09,3.5
2012-03-12,3.475
2012-03-13,3.475
2012-03-14,3.52
2012-03-15,3.565
2012-03-16,3.58
2012-03-19,3.6
2012-03-20,3.595
2012-03-21,3.605
2012-03-22,3.63
2012-03-23,3.62
2012-03-26,3.62
2012-03-27,3.62
2012-03-28,3.595
2012-03-29,3.59
2012-03-30,3.55
2012-04-02,3.55
2012-04-03,3.56
2012-04-04,3.57
2012-04-05,3.535
2012-04-06,3.555
2012-04-09,3.51
2012-04-10,3.5
2012-04-12,3.51
2012-04-13,3.5
2012-04-16,3.465
2012-04-17,3.465
2012-04-18,3.49
2012-04-19,3.49
2012-04-20,3.465
2012-04-23,3.465
2012-04-24,3.47
2012-04-25,3.49
2012-04-26,3.49
2012-04-27,3.46
2012-04-30,3.45
2012-05-02,3.45
2012-05-03,3.44
2012-05-04,3.4
2012-05-07,3.39
2012-05-08,3.38
2012-05-09,3.37
2012-05-10,3.4
2012-05-11,3.41
2012-05-14,3.375
2012-05-15,3.37
2012-05-16,3.67
2012-05-17,3.39
2012-05-18,3.39
2012-05-21,3.37
2012-05-22,3.36
2012-05-23,3.35
2012-05-24,3.39
2012-05-25,3.34
2012-05-29,3.36
2012-05-30,3.355
2012-05-31,3.31
2012-06-01,3.3
2012-06-04,3.36
2012-06-05,3.26
2012-06-07,3.3
2012-06-08,3.25
2012-06-11,3.29
2012-06-12,3.29
2012-06-13,3.29
2012-06-14,3.29
2012-06-15,3.27
2012-06-18,3.27
2012-06-19,3.29
2012-06-20,3.31
2012-06-21,3.3
2012-06-22,3.28
2012-06-25,3.29
2012-06-26,3.29
2012-06-27,3.27
2012-06-28,3.26
2012-06-29,3.3
2012-07-02,3.28
2012-07-03,3.28
2012-07-04,3.27
2012-07-05,3.27
2012-07-06,3.23
2012-07-09,3.225
2012-07-10,3.22
2012-07-11,3.21
2012-07-12,3.18
2012-07-13,2.95
2012-07-16,2.95
2012-07-17,2.925
2012-07-18,2.92
2012-07-19,2.9
2012-07-20,2.87
2012-07-23,2.81
2012-07-24,2.83
2012-07-25,2.775
2012-07-26,2.81
2012-07-27,2.85
2012-07-30,2.845
2012-07-31,2.87
2012-08-01,2.835
2012-08-02,2.795
2012-08-03,2.77
2012-08-06,2.78
2012-08-07,2.75
2012-08-08,2.77
2012-08-09,2.82
2012-08-10,2.81
2012-08-13,2.82
2012-08-14,2.87
2012-08-16,2.87
2012-08-17,2.92
2012-08-20,2.94
2012-08-21,2.93
2012-08-22,2.9
2012-08-23,2.88
2012-08-24,2.83
2012-08-27,2.815
2012-08-28,2.815
2012-08-29,2.79
2012-08-30,2.81
2012-08-31,2.76
2012-09-03,2.765
2012-09-04,2.78
2012-09-05,2.745
2012-09-06,2.755
2012-09-07,2.75
2012-09-10,2.8
2012-09-11,2.77
2012-09-12,2.77
2012-09-13,2.8
2012-09-14,2.87
2012-09-17,2.9
2012-09-18,2.86
2012-09-19,2.855
2012-09-20,2.88
2012-09-21,2.835
2012-09-24,2.82
2012-09-25,2.82
2012-09-26,2.79
2012-09-27,2.795
2012-09-28,2.79
2012-10-02,2.75
2012-10-04,2.76
2012-10-05,2.75
2012-10-08,2.76
2012-10-09,2.775
2012-10-10,2.715
2012-10-11,2.73
2012-10-12,2.77
2012-10-15,2.755
2012-10-16,2.78
2012-10-17,2.81
2012-10-18,2.82
2012-10-19,2.82
2012-10-22,2.83
2012-10-23,2.81
2012-10-24,2.81
2012-10-25,2.8
2012-10-26,2.78
2012-10-29,2.77
2012-10-30,2.79
2012-10-31,2.77
2012-11-01,2.76
2012-11-02,2.76
2012-11-05,2.79
2012-11-06,2.775
2012-11-07,2.78
2012-11-08,2.76
2012-11-09,2.79
2012-11-12,2.79
2012-11-13,2.775
2012-11-14,2.785
2012-11-15,2.78
2012-11-16,2.77
2012-11-19,2.79
2012-11-20,2.8
2012-11-21,2.795
2012-11-22,2.82
2012-11-23,2.84
2012-11-26,2.815
2012-11-27,2.845
2012-11-28,2.835
2012-11-29,2.84
2012-11-30,2.84
2012-12-03,2.85
2012-12-04,2.84
2012-12-05,2.84
2012-12-06,2.835
2012-12-07,2.81
2012-12-10,2.84
2012-12-11,2.83
2012-12-12,2.83
2012-12-13,2.86
2012-12-14,2.87
2012-12-17,2.88
2012-12-18,2.89
2012-12-19,2.9
2012-12-20,2.89
2012-12-21,2.85
2012-12-24,2.865
2012-12-25,2.87
2012-12-26,2.88
2012-12-27,2.86
2012-12-28,2.835
2012-12-31,2.83
2013-01-01,2.83
2013-01-02,2.81
2013-01-03,2.76
2013-01-04,2.75
2013-01-07,2.745
2013-01-08,2.745
2013-01-09,2.75
2013-01-10,2.72
2013-01-11,2.71
2013-01-14,2.76
2013-01-15,2.73
2013-01-16,2.73
2013-01-17,2.72
2013-01-18,2.72
2013-01-21,2.74
2013-01-22,2.73
2013-01-23,2.745
2013-01-24,2.72
2013-01-25,2.715
2013-01-28,2.71
2013-01-29,2.745
2013-01-30,2.77
2013-01-31,2.76
2013-02-01,2.76
2013-02-04,2.75
2013-02-05,2.75
2013-02-06,2.75
2013-02-07,2.71
2013-02-08,2.75
2013-02-11,2.72
2013-02-12,2.71
2013-02-13,2.725
2013-02-14,2.725
2013-02-15,2.7
2013-02-18,2.71
2013-02-19,2.69
2013-02-20,2.71
2013-02-21,2.68
2013-02-22,2.68
2013-02-25,2.685
2013-02-26,2.645
2013-02-27,2.625
2013-02-28,2.625
2013-03-04,2.62
2013-03-05,2.625
2013-03-06,2.63
2013-03-07,2.65
2013-03-08,2.66
2013-03-11,2.65
2013-03-12,2.61
2013-03-13,2.61
2013-03-14,2.61
2013-03-15,2.61
2013-03-18,2.59
2013-03-19,2.61
2013-03-20,2.61
2013-03-21,2.59
2013-03-22,2.58
2013-03-25,2.58
2013-03-26,2.57
2013-03-27,2.575
2013-03-28,2.43
2013-03-29,2.525
2013-04-01,2.51
2013-04-02,2.48
2013-04-03,2.47
2013-04-04,2.48
2013-04-05,2.475
2013-04-08,2.47
2013-04-09,2.49
2013-04-10,2.485
2013-04-11,2.635
2013-04-12,2.675
2013-04-15,2.66
2013-04-16,2.63
2013-04-17,2.623
2013-04-18,2.6
2013-04-19,2.605
2013-04-22,2.62
2013-04-23,2.62
2013-04-24,2.61
2013-04-25,2.56
2013-04-26,2.525
2013-04-29,2.525
2013-04-30,2.5
2013-05-01,2.49
2013-05-02,2.45
2013-05-03,2.46
2013-05-06,2.56
2013-05-07,2.535
2013-05-08,2.57
2013-05-09,2.54
2013-05-10,2.555
2013-05-13,2.57
2013-05-14,2.56
2013-05-15,2.55
2013-05-16,2.57
2013-05-20,2.6
2013-05-21,2.6
2013-05-22,2.61
2013-05-23,2.61
2013-05-24,2.61
2013-05-27,2.61
2013-05-28,2.645
2013-05-29,2.73
2013-05-30,2.75
2013-05-31,2.78
2013-06-03,2.78
2013-06-04,2.78
2013-06-05,2.78
2013-06-07,2.76
2013-06-10,2.815
2013-06-11,2.77
2013-06-12,2.87
2013-06-13,2.825
2013-06-14,2.76
2013-06-17,2.82
2013-06-18,2.77
2013-06-19,2.81
2013-06-20,2.81
2013-06-21,3.02
2013-06-24,3.115
2013-06-25,3.02
2013-06-26,3.01
2013-06-27,2.96
2013-06-28,2.89
2013-07-01,2.94
2013-07-02,2.945
2013-07-03,2.92
2013-07-04,2.95
2013-07-05,2.955
2013-07-08,3.02
2013-07-09,2.995
2013-07-10,3.01
2013-07-11,2.87
2013-07-12,2.86
2013-07-15,2.89
2013-07-16,2.88
2013-07-17,2.89
2013-07-18,2.85
2013-07-19,2.845
2013-07-22,2.85
2013-07-23,2.88
2013-07-24,2.88
2013-07-25,2.95
2013-07-26,2.945
2013-07-29,2.9
2013-07-30,2.92
2013-07-31,2.94
2013-08-01,2.92
2013-08-02,2.96
2013-08-05,2.92
2013-08-06,2.91
2013-08-07,2.915
2013-08-08,2.93
2013-08-09,2.91
2013-08-12,2.9
2013-08-13,2.93
2013-08-14,2.97
2013-08-16,2.94
2013-08-19,2.99
2013-08-20,2.995
2013-08-21,2.96
2013-08-22,2.96
2013-08-23,2.96
2013-08-26,2.94
2013-08-27,2.945
2013-08-28,2.94
2013-08-29,2.91
2013-08-30,2.885
2013-09-02,2.915
2013-09-03,2.92
2013-09-04,2.93
2013-09-05,2.985
2013-09-06,2.98
2013-09-09,2.98
2013-09-10,2.96
2013-09-11,2.93
2013-09-12,2.93
2013-09-13,2.92
2013-09-16,2.87
2013-09-17,2.845
2013-09-23,2.81
2013-09-24,2.82
2013-09-25,2.82
2013-09-26,2.84
2013-09-27,2.835
2013-09-30,2.81
2013-10-01,2.83
2013-10-02,2.825
2013-10-04,2.835
2013-10-07,2.84
2013-10-08,2.85
2013-10-10,2.87
2013-10-11,2.86
2013-10-14,2.865
2013-10-15,2.88
2013-10-16,2.89
2013-10-17,2.84
2013-10-18,2.861
2013-10-21,2.84
2013-10-22,2.84
2013-10-23,2.795
2013-10-24,2.8
2013-10-25,2.8
2013-10-28,2.81
2013-10-29,2.825
2013-10-30,2.795
2013-10-31,2.815
2013-11-01,2.815
2013-11-04,2.87
2013-11-05,2.86
2013-11-06,2.885
2013-11-07,2.9
2013-11-08,2.88
2013-11-11,2.955
2013-11-12,2.965
2013-11-13,2.94
2013-11-14,2.94
2013-11-15,2.935
2013-11-18,2.93
2013-11-19,2.935
2013-11-20,2.95
2013-11-21,2.975
2013-11-22,2.99
2013-11-25,2.97
2013-11-26,2.965
2013-11-27,2.96
2013-11-28,2.97
2013-11-29,2.99
2013-12-02,3.05
2013-12-03,3.04
2013-12-04,3.0
2013-12-05,3.02
2013-12-06,3.005
2013-12-09,3.025
2013-12-10,2.98
2013-12-11,2.98
2013-12-12,3.0
2013-12-13,2.965
2013-12-16,2.92
2013-12-17,2.885
2013-12-18,2.895
2013-12-19,2.9
2013-12-20,2.87
2013-12-23,2.885
2013-12-24,2.89
2013-12-25,2.89
2013-12-26,2.88
2013-12-27,2.875
2013-12-30,2.845
2014-01-02,2.91
2014-01-03,2.93
2014-01-06,2.87
2014-01-07,2.87
2014-01-08,2.85
2014-01-09,2.89
2014-01-10,2.91
2014-01-13,2.88
2014-01-14,2.89
2014-01-15,2.9
2014-01-16,2.89
2014-01-17,2.89
2014-01-20,2.9
2014-01-21,2.9
2014-01-22,2.91
2014-01-23,2.89
2014-01-24,2.86
2014-01-27,2.88
2014-01-28,2.87
2014-01-29,2.88
2014-02-03,2.88
2014-02-04,2.85
2014-02-05,2.85
2014-02-06,2.86
2014-02-07,2.85
2014-02-10,2.84
2014-02-11,2.84
2014-02-12,2.85
2014-02-13,2.84
2014-02-14,2.85
2014-02-17,2.85
2014-02-18,2.86
2014-02-19,2.85
2014-02-20,2.85
2014-02-21,2.88
2014-02-24,2.87
2014-02-25,2.86
2014-02-26,2.85
2014-02-27,2.85
2014-02-28,2.85
2014-03-03,2.89
2014-03-04,2.917
2014-03-05,2.906
2014-03-06,2.901
2014-03-07,2.907
2014-03-10,2.891
2014-03-11,2.879
2014-03-12,2.866
2014-03-13,2.869
2014-03-14,2.829
2014-03-17,2.847
2014-03-18,2.839
2014-03-19,2.83
2014-03-20,2.8680000000000003
2014-03-21,2.892
2014-03-24,2.888
2014-03-25,2.883
2014-03-26,2.886
2014-03-27,2.878
2014-03-28,2.867
2014-03-31,2.8710000000000004
2014-04-01,2.874
2014-04-02,2.884
2014-04-03,2.884
2014-04-04,2.889
2014-04-07,2.869
2014-04-08,2.879
2014-04-09,2.859
2014-04-10,2.862
2014-04-11,2.86
2014-04-14,2.875
2014-04-15,2.878
2014-04-16,2.893
2014-04-17,2.877
2014-04-18,2.886
2014-04-21,2.885
2014-04-22,2.884
2014-04-23,2.88
2014-04-24,2.887
2014-04-25,2.872
2014-04-28,2.88
2014-04-29,2.875
2014-04-30,2.877
2014-05-02,2.864
2014-05-07,2.852
2014-05-08,2.8560000000000003
2014-05-09,2.841
2014-05-12,2.8480000000000003
2014-05-13,2.864
2014-05-14,2.859
2014-05-15,2.829
2014-05-16,2.839
2014-05-19,2.846
2014-05-20,2.85
2014-05-21,2.845
2014-05-22,2.8560000000000003
2014-05-23,2.833
2014-05-26,2.832
2014-05-27,2.8310000000000004
2014-05-28,2.826
2014-05-29,2.805
2014-05-30,2.823
2014-06-02,2.84
2014-06-03,2.841
2014-06-05,2.845
2014-06-09,2.841
2014-06-10,2.821
2014-06-11,2.825
2014-06-12,2.782
2014-06-13,2.741
2014-06-16,2.722
2014-06-17,2.728
2014-06-18,2.727
2014-06-19,2.684
2014-06-20,2.667
2014-06-23,2.684
2014-06-24,2.6860000000000004
2014-06-25,2.685
2014-06-26,2.7060000000000004
2014-06-27,2.696
2014-06-30,2.677
2014-07-01,2.669
2014-07-02,2.59
2014-07-03,2.592
2014-07-04,2.603
2014-07-07,2.613
2014-07-08,2.65
2014-07-09,2.614
2014-07-10,2.596
2014-07-11,2.585
2014-07-14,2.595
2014-07-15,2.594
2014-07-16,2.5860000000000003
2014-07-17,2.509
2014-07-18,2.52
2014-07-21,2.523
2014-07-22,2.511
2014-07-23,2.463
2014-07-24,2.494
2014-07-25,2.498
2014-07-28,2.504
2014-07-29,2.521
2014-07-30,2.513
2014-07-31,2.519
2014-08-01,2.53
2014-08-04,2.547
2014-08-05,2.519
2014-08-06,2.537
2014-08-07,2.529
2014-08-08,2.5
2014-08-11,2.513
2014-08-12,2.52
2014-08-13,2.515
2014-08-14,2.536
2014-08-18,2.565
2014-08-19,2.582
2014-08-20,2.577
2014-08-21,2.58
2014-08-22,2.588
2014-08-25,2.575
2014-08-26,2.541
2014-08-27,2.525
2014-08-28,2.52
2014-08-29,2.516
2014-09-01,2.523
2014-09-02,2.51
2014-09-03,2.535
2014-09-04,2.543
2014-09-05,2.512
2014-09-11,2.496
2014-09-12,2.4130000000000003
2014-09-15,2.404
2014-09-16,2.354
2014-09-17,2.3680000000000003
2014-09-18,2.366
2014-09-19,2.37
2014-09-22,2.354
2014-09-23,2.356
2014-09-24,2.339
2014-09-25,2.331
2014-09-26,2.323
2014-09-29,2.325
2014-09-30,2.305
2014-10-01,2.231
2014-10-02,2.252
2014-10-06,2.262
2014-10-07,2.281
2014-10-08,2.296
2014-10-10,2.261
2014-10-13,2.263
2014-10-14,2.277
2014-10-15,2.2880000000000003
2014-10-16,2.267
2014-10-17,2.251
2014-10-20,2.257
2014-10-21,2.244
2014-10-22,2.235
2014-10-23,2.222
2014-10-24,2.209
2014-10-27,2.2230000000000003
2014-10-28,2.218
2014-10-29,2.209
2014-10-30,2.2030000000000003
2014-10-31,2.132
2014-11-03,2.122
2014-11-04,2.099
2014-11-05,2.099
2014-11-06,2.09
2014-11-07,2.089
2014-11-10,2.123
2014-11-11,2.181
2014-11-12,2.2030000000000003
2014-11-13,2.222
2014-11-14,2.205
2014-11-17,2.192
2014-11-18,2.186
2014-11-19,2.176
2014-11-20,2.1590000000000003
2014-11-21,2.158
2014-11-24,2.124
2014-11-25,2.102
2014-11-26,2.101
2014-11-27,2.107
2014-11-28,2.0780000000000003
2014-12-01,2.088
2014-12-02,2.076
2014-12-03,2.122
2014-12-04,2.162
2014-12-05,2.175
2014-12-08,2.209
2014-12-09,2.182
2014-12-10,2.182
2014-12-11,2.128
2014-12-12,2.113
2014-12-15,2.126
2014-12-16,2.131
2014-12-17,2.161
2014-12-18,2.181
2014-12-19,2.19
2014-12-22,2.164
2014-12-23,2.17
2014-12-24,2.153
2014-12-25,2.145
2014-12-26,2.152
2014-12-29,2.136
2014-12-30,2.114
2014-12-31,2.095
2015-01-02,2.135
2015-01-05,2.126
2015-01-06,2.077
2015-01-07,2.077
2015-01-08,2.075
2015-01-09,2.056
2015-01-12,2.009
2015-01-13,2.025
2015-01-14,1.977
2015-01-15,2.047
2015-01-16,1.999
2015-01-19,2.04
2015-01-20,2.028
2015-01-21,2.044
2015-01-22,2.071
2015-01-23,2.02
2015-01-26,2.025
2015-01-27,2.031
2015-01-28,2.011
2015-01-29,1.999
2015-01-30,1.969
2015-02-02,1.985
2015-02-03,1.936
2015-02-04,1.971
2015-02-05,1.976
2015-02-06,1.968
2015-02-09,1.977
2015-02-10,2.062
2015-02-11,2.051
2015-02-12,2.0780000000000003
2015-02-13,2.051
2015-02-16,2.09
2015-02-17,2.055
2015-02-18,2.055
2015-02-19,2.055
2015-02-23,2.061
2015-02-24,2.063
2015-02-25,2.039
2015-02-26,2.041
2015-02-27,2.032
2015-03-02,2.005
2015-03-03,1.988
2015-03-04,1.979
2015-03-05,1.977
2015-03-06,1.938
2015-03-09,1.922
2015-03-10,1.933
2015-03-11,1.907
2015-03-12,1.894
2015-03-13,1.866
2015-03-16,1.857
2015-03-17,1.877
2015-03-18,1.864
2015-03-19,1.832
2015-03-20,1.796
2015-03-23,1.795
2015-03-24,1.796
2015-03-25,1.791
2015-03-26,1.781
2015-03-27,1.775
2015-03-30,1.77
2015-03-31,1.722
2015-04-01,1.72
2015-04-02,1.726
2015-04-03,1.716
2015-04-06,1.7180000000000002
2015-04-07,1.722
2015-04-08,1.729
2015-04-09,1.704
2015-04-10,1.713
2015-04-13,1.735
2015-04-14,1.736
2015-04-15,1.727
2015-04-16,1.729
2015-04-17,1.6880000000000002
2015-04-20,1.69
2015-04-21,1.711
2015-04-22,1.709
2015-04-23,1.749
2015-04-24,1.771
2015-04-27,1.788
2015-04-28,1.833
2015-04-29,1.851
2015-04-30,1.839
2015-05-01,1.85
2015-05-04,1.893
2015-05-05,1.9
2015-05-06,1.949
2015-05-07,1.971
2015-05-08,1.909
2015-05-11,1.876
2015-05-12,1.938
2015-05-13,1.872
2015-05-14,1.858
2015-05-15,1.9
2015-05-18,1.886
2015-05-19,1.908
2015-05-20,1.866
2015-05-21,1.88
2015-05-22,1.877
2015-05-26,1.847
2015-05-27,1.808
2015-05-28,1.798
2015-05-29,1.7519999999999998
2015-06-01,1.745
2015-06-02,1.709
2015-06-03,1.735
2015-06-04,1.771
2015-06-05,1.7619999999999998
2015-06-08,1.753
2015-06-09,1.746
2015-06-10,1.781
2015-06-11,1.796
2015-06-12,1.777
2015-06-15,1.765
2015-06-16,1.77
2015-06-17,1.7990000000000002
2015-06-18,1.777
2015-06-19,1.764
2015-06-22,1.787
2015-06-23,1.7990000000000002
2015-06-24,1.822
2015-06-25,1.7990000000000002
2015-06-26,1.818
2015-06-29,1.795
2015-06-30,1.783
2015-07-01,1.802
2015-07-02,1.822
2015-07-03,1.827
2015-07-06,1.832
2015-07-07,1.821
2015-07-08,1.811
2015-07-09,1.802
2015-07-10,1.807
2015-07-13,1.805
2015-07-14,1.796
2015-07-15,1.795
2015-07-16,1.793
2015-07-17,1.784
2015-07-20,1.775
2015-07-21,1.773
2015-07-22,1.753
2015-07-23,1.712
2015-07-24,1.702
2015-07-27,1.7
2015-07-28,1.734
2015-07-29,1.725
2015-07-30,1.741
2015-07-31,1.7719999999999998
2015-08-03,1.766
2015-08-04,1.763
2015-08-05,1.795
2015-08-06,1.786
2015-08-07,1.791
2015-08-10,1.764
2015-08-11,1.74
2015-08-12,1.716
2015-08-13,1.734
2015-08-14,1.725
2015-08-17,1.729
2015-08-18,1.719
2015-08-19,1.7280000000000002
2015-08-20,1.719
2015-08-21,1.71
2015-08-24,1.7
2015-08-25,1.709
2015-08-26,1.726
2015-08-27,1.709
2015-08-28,1.722
2015-08-31,1.7380000000000002
2015-09-01,1.729
2015-09-02,1.693
2015-09-03,1.6769999999999998
2015-09-04,1.648
2015-09-07,1.654
2015-09-08,1.676
2015-09-09,1.676
2015-09-10,1.655
2015-09-11,1.656
2015-09-14,1.669
2015-09-15,1.656
2015-09-16,1.673
2015-09-17,1.689
2015-09-18,1.634
2015-09-21,1.621
2015-09-22,1.63
2015-09-23,1.62
2015-09-24,1.633
2015-09-25,1.619
2015-09-30,1.567
2015-10-01,1.596
2015-10-02,1.585
2015-10-05,1.5830000000000002
2015-10-06,1.594
2015-10-07,1.617
2015-10-08,1.62
2015-10-09,1.615
2015-10-12,1.641
2015-10-13,1.643
2015-10-14,1.66
2015-10-15,1.631
2015-10-16,1.625
2015-10-19,1.622
2015-10-20,1.64
2015-10-21,1.653
2015-10-22,1.651
2015-10-23,1.656
2015-10-26,1.646
2015-10-27,1.632
2015-10-28,1.63
2015-10-29,1.64
2015-10-30,1.6569999999999998
2015-11-02,1.659
2015-11-03,1.669
2015-11-04,1.682
2015-11-05,1.696
2015-11-06,1.725
2015-11-09,1.795
2015-11-10,1.791
2015-11-11,1.803
2015-11-12,1.785
2015-11-13,1.779
2015-11-16,1.745
2015-11-17,1.759
2015-11-18,1.756
2015-11-19,1.742
2015-11-20,1.76
2015-11-23,1.766
2015-11-24,1.768
2015-11-25,1.77
2015-11-26,1.776
2015-11-27,1.798
2015-11-30,1.7919999999999998
2015-12-01,1.77
2015-12-02,1.759
2015-12-03,1.757
2015-12-04,1.784
2015-12-07,1.786
2015-12-08,1.768
2015-12-09,1.764
2015-12-10,1.7480000000000002
2015-12-11,1.746
2015-12-14,1.727
2015-12-15,1.739
2015-12-16,1.744
2015-12-17,1.731
2015-12-18,1.695
2015-12-21,1.651
2015-12-22,1.6669999999999998
2015-12-23,1.672
2015-12-24,1.661
2015-12-25,1.664
2015-12-28,1.68
2015-12-29,1.65
2015-12-30,1.668
2015-12-31,1.66
2016-01-04,1.638
2016-01-05,1.649
2016-01-06,1.638
2016-01-07,1.64
2016-01-08,1.665
2016-01-11,1.635
2016-01-12,1.644
2016-01-13,1.635
2016-01-14,1.644
2016-01-15,1.652
2016-01-18,1.65
2016-01-19,1.648
2016-01-20,1.618
2016-01-21,1.616
2016-01-22,1.6269999999999998
2016-01-25,1.622
2016-01-26,1.602
2016-01-27,1.604
2016-01-28,1.616
2016-01-29,1.5630000000000002
2016-02-01,1.529
2016-02-02,1.52
2016-02-03,1.5
2016-02-04,1.499
2016-02-05,1.507
2016-02-11,1.45
2016-02-12,1.48
2016-02-15,1.485
2016-02-16,1.432
2016-02-17,1.4340000000000002
2016-02-18,1.45
2016-02-19,1.472
2016-02-22,1.481
2016-02-23,1.486
2016-02-24,1.473
2016-02-25,1.471
2016-02-26,1.453
2016-02-29,1.456
2016-03-01,1.455
2016-03-02,1.469
2016-03-03,1.5
2016-03-04,1.526
2016-03-07,1.506
2016-03-08,1.483
2016-03-09,1.472
2016-03-10,1.507
2016-03-11,1.5519999999999998
2016-03-14,1.535
2016-03-15,1.54
2016-03-16,1.55
2016-03-17,1.514
2016-03-18,1.496
2016-03-21,1.497
2016-03-22,1.507
2016-03-23,1.523
2016-03-24,1.5019999999999998
2016-03-25,1.495
2016-03-28,1.486
2016-03-29,1.453
2016-03-30,1.4469999999999998
2016-03-31,1.4409999999999998
2016-04-01,1.446
2016-04-04,1.44
2016-04-05,1.454
2016-04-06,1.4580000000000002
2016-04-07,1.471
2016-04-08,1.464
2016-04-11,1.466
2016-04-12,1.469
2016-04-13,1.462
2016-04-14,1.505
2016-04-15,1.4980000000000002
2016-04-18,1.496
2016-04-19,1.505
2016-04-20,1.476
2016-04-21,1.481
2016-04-22,1.467
2016-04-25,1.457
2016-04-26,1.454
2016-04-27,1.456
2016-04-28,1.45
2016-04-29,1.454
2016-05-02,1.4680000000000002
2016-05-03,1.442
2016-05-04,1.4340000000000002
2016-05-05,1.432
2016-05-06,1.432
2016-05-09,1.412
2016-05-10,1.415
2016-05-11,1.423
2016-05-12,1.4280000000000002
2016-05-13,1.4409999999999998
2016-05-16,1.4469999999999998
2016-05-17,1.46
2016-05-18,1.4780000000000002
2016-05-19,1.503
2016-05-20,1.476
2016-05-23,1.47
2016-05-24,1.4469999999999998
2016-05-25,1.461
2016-05-26,1.467
2016-05-27,1.472
2016-05-30,1.505
2016-05-31,1.499
2016-06-01,1.44
2016-06-02,1.446
2016-06-03,1.4240000000000002
2016-06-06,1.42
2016-06-07,1.403
2016-06-08,1.382
2016-06-09,1.35
2016-06-10,1.319
2016-06-13,1.3130000000000002
2016-06-14,1.345
2016-06-15,1.336
2016-06-16,1.324
2016-06-17,1.338
2016-06-20,1.36
2016-06-21,1.347
2016-06-22,1.355
2016-06-23,1.3430000000000002
2016-06-24,1.247
2016-06-27,1.234
2016-06-28,1.251
2016-06-29,1.243
2016-06-30,1.246
2016-07-01,1.213
2016-07-04,1.225
2016-07-05,1.217
2016-07-06,1.205
2016-07-07,1.211
2016-07-08,1.209
2016-07-11,1.212
2016-07-12,1.222
2016-07-13,1.211
2016-07-14,1.204
2016-07-15,1.223
2016-07-18,1.229
2016-07-19,1.227
2016-07-20,1.223
2016-07-21,1.233
2016-07-22,1.228
2016-07-25,1.225
2016-07-26,1.221
2016-07-27,1.224
2016-07-28,1.204
2016-07-29,1.22
2016-08-01,1.212
2016-08-02,1.212
2016-08-03,1.247
2016-08-04,1.237
2016-08-05,1.225
2016-08-08,1.251
2016-08-09,1.248
2016-08-10,1.216
2016-08-11,1.222
2016-08-12,1.229
2016-08-16,1.22
2016-08-17,1.235
2016-08-18,1.231
2016-08-19,1.229
2016-08-22,1.232
2016-08-23,1.228
2016-08-24,1.233
2016-08-25,1.236
2016-08-26,1.242
2016-08-29,1.274
2016-08-30,1.2919999999999998
2016-08-31,1.3090000000000002
2016-09-01,1.335
2016-09-02,1.3259999999999998
2016-09-05,1.307
2016-09-06,1.3
2016-09-07,1.278
2016-09-08,1.289
2016-09-09,1.328
2016-09-12,1.355
2016-09-13,1.35
2016-09-14,1.35
2016-09-19,1.344
2016-09-20,1.336
2016-09-21,1.327
2016-09-22,1.296
2016-09-23,1.3019999999999998
2016-09-26,1.3090000000000002
2016-09-27,1.305
2016-09-28,1.304
2016-09-29,1.296
2016-09-30,1.248
2016-10-04,1.276
2016-10-05,1.319
2016-10-06,1.3230000000000002
2016-10-07,1.325
2016-10-10,1.338
2016-10-11,1.374
2016-10-12,1.344
2016-10-13,1.3230000000000002
2016-10-14,1.319
2016-10-17,1.35
2016-10-18,1.3530000000000002
2016-10-19,1.352
2016-10-20,1.354
2016-10-21,1.381
2016-10-24,1.383
2016-10-25,1.398
2016-10-26,1.4069999999999998
2016-10-27,1.4169999999999998
2016-10-28,1.4409999999999998
2016-10-31,1.436
2016-11-01,1.452
2016-11-02,1.436
2016-11-03,1.429
2016-11-04,1.43
2016-11-07,1.426
2016-11-08,1.425
2016-11-09,1.4069999999999998
2016-11-10,1.464
2016-11-11,1.509
2016-11-14,1.614
2016-11-15,1.636
2016-11-16,1.706
2016-11-17,1.714
2016-11-18,1.737
2016-11-21,1.725
2016-11-22,1.737
2016-11-23,1.776
2016-11-24,1.808
2016-11-25,1.81
2016-11-28,1.763
2016-11-29,1.704
2016-11-30,1.712
2016-12-01,1.726
2016-12-02,1.744
2016-12-05,1.726
2016-12-06,1.7380000000000002
2016-12-07,1.736
2016-12-08,1.715
2016-12-09,1.733
2016-12-12,1.734
2016-12-13,1.673
2016-12-14,1.643
2016-12-15,1.695
2016-12-16,1.6869999999999998
2016-12-19,1.694
2016-12-20,1.713
2016-12-21,1.685
2016-12-22,1.6469999999999998
2016-12-23,1.665
2016-12-26,1.669
2016-12-27,1.646
2016-12-28,1.644
2016-12-29,1.631
2016-12-30,1.64
2017-01-02,1.639
2017-01-03,1.616
2017-01-04,1.63
2017-01-05,1.607
2017-01-06,1.631
2017-01-09,1.663
2017-01-10,1.643
2017-01-11,1.653
2017-01-12,1.625
2017-01-13,1.631
2017-01-16,1.633
2017-01-17,1.6269999999999998
2017-01-18,1.65
2017-01-19,1.6769999999999998
2017-01-20,1.655
2017-01-23,1.642
2017-01-24,1.6269999999999998
2017-01-25,1.6469999999999998
2017-01-26,1.6840000000000002
2017-01-27,1.6969999999999998
2017-01-31,1.675
2017-02-01,1.686
2017-02-02,1.675
2017-02-03,1.685
2017-02-06,1.663
2017-02-07,1.644
2017-02-08,1.652
2017-02-09,1.648
2017-02-10,1.665
2017-02-13,1.663
2017-02-14,1.652
2017-02-15,1.661
2017-02-16,1.6569999999999998
2017-02-17,1.655
2017-02-20,1.67
2017-02-21,1.671
2017-02-22,1.6909999999999998
2017-02-23,1.676
2017-02-24,1.6669999999999998
2017-02-27,1.663
2017-02-28,1.6740000000000002
2017-03-01,1.6669999999999998
2017-03-02,1.713
2017-03-03,1.714
2017-03-06,1.744
2017-03-07,1.785
2017-03-08,1.783
2017-03-09,1.787
2017-03-10,1.779
2017-03-13,1.7619999999999998
2017-03-14,1.756
2017-03-15,1.758
2017-03-16,1.694
2017-03-17,1.67
2017-03-20,1.672
2017-03-21,1.67
2017-03-22,1.662
2017-03-23,1.666
2017-03-24,1.679
2017-03-27,1.65
2017-03-28,1.6569999999999998
2017-03-29,1.653
2017-03-30,1.665
2017-03-31,1.655
2017-04-03,1.67
2017-04-04,1.646
2017-04-05,1.656
2017-04-06,1.679
2017-04-07,1.68
2017-04-10,1.723
2017-04-11,1.694
2017-04-12,1.686
2017-04-13,1.6740000000000002
2017-04-14,1.685
2017-04-17,1.673
2017-04-18,1.6769999999999998
2017-04-19,1.669
2017-04-20,1.675
2017-04-21,1.682
2017-04-24,1.7009999999999998
2017-04-25,1.6780000000000002
2017-04-26,1.683
2017-04-27,1.673
2017-04-28,1.679
2017-05-02,1.69
2017-05-03,1.685
2017-05-04,1.68
2017-05-05,1.682
2017-05-08,1.711
2017-05-09,1.7
2017-05-10,1.729
2017-05-11,1.731
2017-05-12,1.709
2017-05-15,1.7080000000000002
2017-05-16,1.7180000000000002
2017-05-17,1.6880000000000002
2017-05-18,1.686
2017-05-19,1.679
2017-05-22,1.685
2017-05-23,1.683
2017-05-24,1.693
2017-05-25,1.6869999999999998
2017-05-26,1.6780000000000002
2017-05-29,1.6740000000000002
2017-05-30,1.6569999999999998
2017-05-31,1.655
2017-06-01,1.645
2017-06-02,1.63
2017-06-05,1.6230000000000002
2017-06-06,1.617
2017-06-07,1.621
2017-06-08,1.6369999999999998
2017-06-09,1.645
2017-06-12,1.699
2017-06-13,1.661
2017-06-14,1.685
2017-06-15,1.683
2017-06-16,1.695
2017-06-19,1.683
2017-06-20,1.6880000000000002
2017-06-21,1.693
2017-06-22,1.7009999999999998
2017-06-23,1.6869999999999998
2017-06-26,1.6869999999999998
2017-06-27,1.682
2017-06-28,1.711
2017-06-29,1.699
2017-06-30,1.6980000000000002
2017-07-03,1.7180000000000002
2017-07-04,1.742
2017-07-05,1.745
2017-07-06,1.747
2017-07-07,1.784
2017-07-10,1.759
2017-07-11,1.764
2017-07-12,1.7619999999999998
2017-07-13,1.743
2017-07-14,1.7519999999999998
2017-07-17,1.751
2017-07-18,1.742
2017-07-19,1.7480000000000002
2017-07-20,1.74
2017-07-21,1.721
2017-07-24,1.72
2017-07-25,1.7080000000000002
2017-07-26,1.731
2017-07-27,1.713
2017-07-28,1.725
2017-07-31,1.725
2017-08-01,1.734
2017-08-02,1.73
2017-08-03,1.737
2017-08-04,1.741
2017-08-07,1.77
2017-08-08,1.813
2017-08-09,1.835
2017-08-10,1.826
2017-08-11,1.8
2017-08-14,1.802
2017-08-15,1.807
2017-08-16,1.824
2017-08-17,1.802
2017-08-18,1.776
2017-08-21,1.783
2017-08-22,1.802
2017-08-23,1.802
2017-08-24,1.802
2017-08-25,1.7519999999999998
2017-08-28,1.761
2017-08-29,1.77
2017-08-30,1.75
2017-08-31,1.746
2017-09-01,1.746
2017-09-04,1.785
2017-09-05,1.783
2017-09-06,1.777
2017-09-07,1.784
2017-09-08,1.758
2017-09-11,1.756
2017-09-12,1.754
2017-09-13,1.741
2017-09-14,1.743
2017-09-15,1.739
2017-09-18,1.742
2017-09-19,1.7819999999999998
2017-09-20,1.78
2017-09-21,1.7819999999999998
2017-09-22,1.776
2017-09-25,1.787
2017-09-26,1.833
2017-09-27,1.885
2017-09-28,1.887
2017-09-29,1.889
2017-10-02,1.887
2017-10-03,1.887
2017-10-10,1.94
2017-10-11,1.932
2017-10-12,1.899
2017-10-13,1.917
2017-10-16,1.925
2017-10-17,1.948
2017-10-18,1.935
2017-10-19,2.005
2017-10-20,2.085
2017-10-23,2.032
2017-10-24,2.057
2017-10-25,2.095
2017-10-26,2.181
2017-10-27,2.168
2017-10-30,2.136
2017-10-31,2.161
2017-11-01,2.143
2017-11-02,2.127
2017-11-03,2.128
2017-11-06,2.153
2017-11-07,2.133
2017-11-08,2.155
2017-11-09,2.146
2017-11-10,2.155
2017-11-13,2.181
2017-11-14,2.212
2017-11-15,2.178
2017-11-16,2.168
2017-11-17,2.176
2017-11-20,2.158
2017-11-21,2.156
2017-11-22,2.171
2017-11-23,2.134
2017-11-24,2.17
2017-11-27,2.156
2017-11-28,2.115
2017-11-29,2.114
2017-11-30,2.075
2017-12-01,2.086
2017-12-04,2.084
2017-12-05,2.112
2017-12-06,2.081
2017-12-07,2.0980000000000003
2017-12-08,2.08
2017-12-11,2.087
2017-12-12,2.077
2017-12-13,2.079
2017-12-14,2.079
2017-12-15,2.0780000000000003
2017-12-18,2.09
2017-12-19,2.097
2017-12-20,2.087
2017-12-21,2.094
2017-12-22,2.131
2017-12-26,2.129
2017-12-27,2.149
2017-12-28,2.136
2017-12-29,2.134
2018-01-02,2.1180000000000003
2018-01-03,2.126
2018-01-04,2.142
2018-01-05,2.0980000000000003
2018-01-08,2.14
2018-01-09,2.147
2018-01-10,2.171
2018-01-11,2.151
2018-01-12,2.176
2018-01-15,2.2230000000000003
2018-01-16,2.225
2018-01-17,2.227
2018-01-18,2.173
2018-01-19,2.17
2018-01-22,2.202
2018-01-23,2.193
2018-01-24,2.197
2018-01-25,2.215
2018-01-26,2.222
2018-01-29,2.281
2018-01-30,2.303
2018-01-31,2.274
2018-02-01,2.249
2018-02-02,2.25
2018-02-05,2.286
2018-02-06,2.253
2018-02-07,2.25
2018-02-08,2.27
2018-02-09,2.277
2018-02-12,2.3
2018-02-13,2.278
2018-02-14,2.265
2018-02-15,2.263
2018-02-19,2.301
2018-02-20,2.316
2018-02-21,2.306
2018-02-22,2.3040000000000003
2018-02-23,2.285
2018-02-26,2.263
2018-02-27,2.258
2018-02-28,2.266
2018-03-01,2.265
2018-03-02,2.2840000000000003
2018-03-05,2.313
2018-03-06,2.312
2018-03-07,2.297
2018-03-08,2.286
2018-03-09,2.293
2018-03-12,2.305
2018-03-13,2.302
2018-03-14,2.274
2018-03-15,2.268
2018-03-16,2.279
2018-03-19,2.276
2018-03-20,2.286
2018-03-21,2.292
2018-03-22,2.256
2018-03-23,2.2230000000000003
2018-03-26,2.244
2018-03-27,2.233
2018-03-28,2.222
2018-03-29,2.228
2018-03-30,2.216
2018-04-02,2.226
2018-04-03,2.193
2018-04-04,2.17
2018-04-05,2.175
2018-04-06,2.156
2018-04-09,2.166
2018-04-10,2.188
2018-04-11,2.167
2018-04-12,2.1590000000000003
2018-04-13,2.155
2018-04-16,2.169
2018-04-17,2.1790000000000003
2018-04-18,2.199
2018-04-19,2.199
2018-04-20,2.201
2018-04-23,2.235
2018-04-24,2.229
2018-04-25,2.245
2018-04-26,2.236
2018-04-27,2.201
2018-04-30,2.216
2018-05-01,2.217
2018-05-02,2.237
2018-05-03,2.245
2018-05-04,2.281
2018-05-08,2.312
2018-05-09,2.31
2018-05-10,2.276
2018-05-11,2.286
2018-05-14,2.311
2018-05-15,2.313
2018-05-16,2.292
2018-05-17,2.262
2018-05-18,2.239
2018-05-21,2.252
2018-05-22,2.249
2018-05-23,2.244
2018-05-24,2.191
2018-05-25,2.197
2018-05-28,2.209
2018-05-29,2.191
2018-05-30,2.19
2018-05-31,2.196
2018-06-01,2.193
2018-06-04,2.213
2018-06-05,2.201
2018-06-06,2.202
2018-06-07,2.218
2018-06-08,2.194
2018-06-11,2.224
2018-06-12,2.227
2018-06-13,2.215
2018-06-14,2.227
2018-06-15,2.185
2018-06-18,2.178
2018-06-19,2.166
2018-06-20,2.166
2018-06-21,2.153
2018-06-22,2.145
2018-06-25,2.145
2018-06-26,2.149
2018-06-27,2.123
2018-06-28,2.113
2018-06-29,2.124
2018-07-02,2.126
2018-07-03,2.139
2018-07-04,2.1180000000000003
2018-07-05,2.095
2018-07-06,2.106
2018-07-09,2.107
2018-07-10,2.097
2018-07-11,2.059
2018-07-12,2.088
2018-07-13,2.106
2018-07-16,2.089
2018-07-17,2.095
2018-07-18,2.089
2018-07-19,2.088
2018-07-20,2.0780000000000003
2018-07-23,2.076
2018-07-24,2.093
2018-07-25,2.079
2018-07-26,2.072
2018-07-27,2.114
2018-07-30,2.129
2018-07-31,2.1180000000000003
2018-08-01,2.126
2018-08-02,2.115
2018-08-03,2.112
2018-08-06,2.0980000000000003
2018-08-07,2.082
2018-08-08,2.073
2018-08-09,2.051
2018-08-10,2.039
2018-08-13,2.051
2018-08-14,2.066
2018-08-15,2.06
2018-08-16,2.055
2018-08-17,2.001
2018-08-20,1.99
2018-08-21,1.917
2018-08-22,1.961
2018-08-23,1.963
2018-08-24,1.965
2018-08-27,1.965
2018-08-28,1.965
2018-08-29,1.954
2018-08-30,1.98
2018-08-31,1.92
2018-09-03,1.92
2018-09-04,1.911
2018-09-05,1.901
2018-09-06,1.909
2018-09-07,1.922
2018-09-10,1.919
2018-09-11,1.923
2018-09-12,1.893
2018-09-13,1.921
2018-09-14,1.961
2018-09-17,1.965
2018-09-18,1.985
2018-09-19,1.989
2018-09-20,2.033
2018-09-21,2.027
2018-09-24,2.015
2018-09-25,2.015
2018-09-26,2.015
2018-09-27,2.006
2018-09-28,2.007
2018-10-01,2.022
2018-10-02,2.013
2018-10-03,2.015
2018-10-04,2.067
2018-10-05,2.085
2018-10-08,2.094
2018-10-09,2.085
2018-10-10,2.059
2018-10-11,2.009
2018-10-12,2.052
2018-10-15,2.053
2018-10-16,2.049
2018-10-17,2.024
2018-10-18,1.981
2018-10-19,1.992
2018-10-22,2.009
2018-10-23,1.988
2018-10-24,2.008
2018-10-25,1.981
2018-10-26,1.964
2018-10-29,1.899
2018-10-30,1.931
2018-10-31,1.939
2018-11-01,1.943
2018-11-02,1.983
2018-11-05,1.989
2018-11-06,1.979
2018-11-07,1.967
2018-11-08,1.966
2018-11-09,1.962
2018-11-12,1.944
2018-11-13,1.947
2018-11-14,1.919
2018-11-15,1.943
2018-11-16,1.947
2018-11-19,1.942
2018-11-20,1.94
2018-11-21,1.946
2018-11-22,1.946
2018-11-23,1.914
2018-11-26,1.914
2018-11-27,1.908
2018-11-28,1.925
2018-11-29,1.888
2018-11-30,1.899
2018-12-03,1.925
2018-12-04,1.914
2018-12-05,1.903
2018-12-06,1.84
2018-12-07,1.811
2018-12-10,1.803
2018-12-11,1.791
2018-12-12,1.803
2018-12-13,1.795
2018-12-14,1.781
2018-12-17,1.795
2018-12-18,1.795
2018-12-19,1.786
2018-12-20,1.8
2018-12-21,1.838
2018-12-24,1.847
2018-12-25,1.847
2018-12-26,1.807
2018-12-27,1.81
2018-12-28,1.815
2018-12-31,1.823
